alpha_coverage_in_gt,best_group,best_group_kept,best_iou,bucket,checkpoint,conservation_error,full_pixel_argmin_group,gt_area,gt_free_detected,instance_key,kind,mask_grad_norm,matched_group,matched_iou,matched_is_thing_class,matched_p_thing,matched_precision,matched_pred_area,matched_recall,matched_soft_dice,mean_background_mass_in_gt,mean_group_mass_in_gt,positive_sampled_points,role,sampled_bce,sampled_dice,scene,view
0.9998601675033569,65,True,0.351619755708975,mid,g0_step3000,1.4901161193847656e-06,65,6621,False,18009,context,140.31480407714844,92,0.0,True,0.8007431030273438,0.0,577,0.0,0.8898859024047852,5.832908483473231e-13,0.9998601078987122,404,failure,0.47799113392829895,0.8677283525466919,scene0009_00,0
0.32753172516822815,92,True,0.05108576784877363,mid,g0_step3000,1.5497207641601562e-06,65,6895,False,18009,context,140.31480407714844,92,0.05108576784877363,True,0.8007431030273438,0.07382045300624576,13289,0.14227701232777376,0.805456280708313,2.4469356662421005e-12,0.32753175497055054,404,failure,0.47799113392829895,0.8677283525466919,scene0009_00,1
0.9998438954353333,65,True,0.01887012911140971,mid,g0_step3000,1.5497207641601562e-06,65,323,False,18009,novel,140.31480407714844,92,0.0,True,0.8007431030273438,0.0,388,0.0,0.9738479852676392,1.2867847131397105e-15,0.9998438954353333,404,failure,0.47799113392829895,0.8677283525466919,scene0009_00,2
0.5820809006690979,92,True,0.030012610340479192,mid,g0_step3000,1.6093254089355469e-06,65,1504,False,18009,novel,140.31480407714844,92,0.030012610340479192,True,0.8007431030273438,0.03571428571428571,6664,0.15824468085106383,0.8936008810997009,4.464589962782433e-16,0.5820808410644531,404,failure,0.47799113392829895,0.8677283525466919,scene0009_00,3
0.9997450113296509,35,True,0.27508027634523696,mid,g0_step6000,1.3113021850585938e-06,59,6621,False,18009,context,122.74581146240234,35,0.27508027634523696,True,0.8124828338623047,0.43606355082523524,6483,0.4269747772239843,0.4574902057647705,1.9880035118102768e-11,0.9997450113296509,404,failure,0.4424581527709961,0.7691079378128052,scene0009_00,0
0.9385783076286316,59,True,0.23870900136225506,mid,g0_step6000,1.1920928955078125e-06,59,6895,False,18009,context,122.74581146240234,35,0.0,True,0.8124828338623047,0.0,7725,0.0,0.9442175626754761,1.1299093578094263e-13,0.9385783076286316,404,failure,0.4424581527709961,0.7691079378128052,scene0009_00,1
0.9998955726623535,35,True,0.0297045101088647,mid,g0_step6000,1.3113021850585938e-06,59,323,False,18009,novel,122.74581146240234,35,0.0297045101088647,True,0.8124828338623047,0.030327087964433154,6298,0.5913312693498453,0.9505876898765564,1.2765256516764079e-12,0.9998955726623535,404,failure,0.4424581527709961,0.7691079378128052,scene0009_00,2
0.989849865436554,52,True,0.05556939945178171,mid,g0_step6000,1.1920928955078125e-06,59,1504,False,18009,novel,122.74581146240234,35,0.0,True,0.8124828338623047,0.0,7625,0.0,0.9289711713790894,3.486317950909118e-13,0.9898498058319092,404,failure,0.4424581527709961,0.7691079378128052,scene0009_00,3
0.994898796081543,22,True,0.4368159203980099,mid,g0plus_step3000,1.3113021850585938e-06,22,6621,False,18009,context,0.26432400941848755,22,0.4368159203980099,True,0.9491613507270813,0.619764705882353,6375,0.5967376529225192,0.5437217950820923,0.3190929591655731,0.6758058071136475,404,failure,0.37510982155799866,0.7335388660430908,scene0009_00,0
0.5679177045822144,22,True,0.14662425610506874,mid,g0plus_step3000,1.1920928955078125e-06,22,6895,False,18009,context,0.26432400941848755,22,0.14662425610506874,True,0.9491613507270813,0.1849239728243287,15455,0.4145032632342277,0.775692343711853,0.1126343160867691,0.45528337359428406,404,failure,0.37510982155799866,0.7335388660430908,scene0009_00,1
0.9121337532997131,22,True,0.036141304347826086,mid,g0plus_step3000,1.3113021850585938e-06,22,323,False,18009,novel,0.26432400941848755,22,0.036141304347826086,True,0.9491613507270813,0.036423387648911405,7303,0.8235294117647058,0.9700685739517212,0.29115772247314453,0.6209759712219238,404,failure,0.37510982155799866,0.7335388660430908,scene0009_00,2
0.915041446685791,22,True,0.10987726475745178,mid,g0plus_step3000,1.1920928955078125e-06,22,1504,False,18009,novel,0.26432400941848755,22,0.10987726475745178,True,0.9491613507270813,0.10987726475745178,13688,1.0,0.8771505355834961,0.1254185140132904,0.789622962474823,404,failure,0.37510982155799866,0.7335388660430908,scene0009_00,3
0.99354088306427,22,True,0.357412469087596,mid,g0plus_step6000,1.430511474609375e-06,14,6621,False,18009,context,1.1398488283157349,14,0.0,True,0.8985614776611328,0.0,1122,0.0,0.759861946105957,0.19453772902488708,0.7990031242370605,404,failure,0.2757059335708618,0.7478368282318115,scene0009_00,0
0.9265199303627014,14,True,0.15268564091589984,mid,g0plus_step6000,1.3709068298339844e-06,14,6895,False,18009,context,1.1398488283157349,14,0.15268564091589984,True,0.8985614776611328,0.36797318205260443,3878,0.2069615663524293,0.6504858732223511,0.25229835510253906,0.6742216348648071,404,failure,0.2757059335708618,0.7478368282318115,scene0009_00,1
0.9742296934127808,22,True,0.023681377825618945,mid,g0plus_step6000,1.4901161193847656e-06,14,323,False,18009,novel,1.1398488283157349,14,0.0,True,0.8985614776611328,0.0,315,0.0,0.9500206708908081,0.3034723699092865,0.6707572937011719,404,failure,0.2757059335708618,0.7478368282318115,scene0009_00,2
0.9841042160987854,22,True,0.034564254062038405,mid,g0plus_step6000,1.4901161193847656e-06,14,1504,False,18009,novel,1.1398488283157349,14,0.0,True,0.8985614776611328,0.0,2038,0.0,0.8244114518165588,0.22771820425987244,0.7563859224319458,404,failure,0.2757059335708618,0.7478368282318115,scene0009_00,3
0.9998891949653625,64,True,0.3739540251995768,mid,g0_step3000,1.3113021850585938e-06,64,9783,False,8017,context,0.41547855734825134,64,0.3739540251995768,True,0.8848642706871033,0.8636161705908485,4502,0.39742410303587855,0.4778825640678406,3.397461756371456e-10,0.9998889565467834,345,failure,0.1465037763118744,0.5933130979537964,scene0012_01,0
0.9998947978019714,51,True,0.08213651766984024,mid,g0_step3000,1.6689300537109375e-06,64,1770,False,8017,context,0.41547855734825134,64,0.0007072135785007072,True,0.8848642706871033,0.0018867924528301887,1060,0.0011299435028248588,0.6313744187355042,4.429468944411319e-11,0.9998947381973267,345,failure,0.1465037763118744,0.5933130979537964,scene0012_01,1
0.9998939633369446,64,True,0.2877621134936619,mid,g0_step3000,1.430511474609375e-06,64,7755,False,8017,novel,0.41547855734825134,64,0.2877621134936619,True,0.8848642706871033,0.7797752808988764,3115,0.31321727917472597,0.5332047939300537,5.38147582052062e-10,0.9998937845230103,345,failure,0.1465037763118744,0.5933130979537964,scene0012_01,2
0.999894380569458,51,True,0.10993927772451262,mid,g0_step3000,1.3113021850585938e-06,64,1497,False,8017,novel,0.41547855734825134,64,0.0,True,0.8848642706871033,0.0,452,0.0,0.6909076571464539,3.608646020891726e-11,0.9998942017555237,345,failure,0.1465037763118744,0.5933130979537964,scene0012_01,3
0.9996899366378784,51,True,0.1842478234460417,mid,g0_step6000,1.2516975402832031e-06,22,9783,False,8017,context,4.3267741203308105,22,0.1506695287744046,True,0.8114044070243835,1.0,1474,0.1506695287744046,0.6290314793586731,6.653479545093433e-08,0.9996899366378784,345,failure,0.1963057518005371,0.7152332067489624,scene0012_01,0
0.9998939037322998,57,True,0.10237849017580145,mid,g0_step6000,1.2516975402832031e-06,22,1770,False,8017,context,4.3267741203308105,22,0.0,True,0.8114044070243835,0.0,0,0.0,0.79273921251297,4.0696580327903575e-08,0.999893844127655,345,failure,0.1963057518005371,0.7152332067489624,scene0012_01,1
0.9992718696594238,57,True,0.13687272727272728,mid,g0_step6000,1.3113021850585938e-06,22,7755,False,8017,novel,4.3267741203308105,22,0.02372662798194713,True,0.8114044070243835,1.0,184,0.02372662798194713,0.744626522064209,4.147303656054646e-08,0.9992717504501343,345,failure,0.1963057518005371,0.7152332067489624,scene0012_01,2
0.9998933672904968,57,True,0.12880143112701253,mid,g0_step6000,1.2516975402832031e-06,22,1497,False,8017,novel,4.3267741203308105,22,0.0,True,0.8114044070243835,0.0,0,0.0,0.8567816615104675,2.7172145422582616e-08,0.9998932480812073,345,failure,0.1963057518005371,0.7152332067489624,scene0012_01,3
0.974348247051239,62,True,0.22701585113714678,mid,g0plus_step3000,1.0728836059570312e-06,92,9783,False,8017,context,0.33186960220336914,92,0.0,True,0.9420290589332581,0.0,0,0.0,0.6345506906509399,0.251526802778244,0.7228214144706726,345,failure,0.2329755276441574,0.7740675210952759,scene0012_01,0
0.9998918771743774,62,True,0.1564736908200427,mid,g0plus_step3000,1.0132789611816406e-06,92,1770,False,8017,context,0.33186960220336914,92,0.0,True,0.9420290589332581,0.0,0,0.0,0.7559587359428406,0.17924363911151886,0.8206483125686646,345,failure,0.2329755276441574,0.7740675210952759,scene0012_01,1
0.9812113046646118,62,True,0.23920607306658231,mid,g0plus_step3000,1.0132789611816406e-06,92,7755,False,8017,novel,0.33186960220336914,92,0.0,True,0.9420290589332581,0.0,0,0.0,0.6498571038246155,0.25719505548477173,0.7240163087844849,345,failure,0.2329755276441574,0.7740675210952759,scene0012_01,2
0.9998915195465088,62,True,0.15188067444876782,mid,g0plus_step3000,1.0728836059570312e-06,92,1497,False,8017,novel,0.33186960220336914,92,0.0,True,0.9420290589332581,0.0,0,0.0,0.790300726890564,0.20114073157310486,0.7987508773803711,345,failure,0.2329755276441574,0.7740675210952759,scene0012_01,3
0.9987727403640747,90,True,0.6656462259638382,mid,g0plus_step6000,1.2516975402832031e-06,90,9783,True,8017,context,0.3690802752971649,90,0.6656462259638382,True,0.7934535145759583,0.9121657052962768,7628,0.7112337728713074,0.28739380836486816,0.17538316547870636,0.8233895301818848,345,failure,0.10333243012428284,0.4263298511505127,scene0012_01,0
0.9998946189880371,90,True,0.550561797752809,mid,g0plus_step6000,1.3113021850585938e-06,90,1770,True,8017,context,0.3690802752971649,90,0.550561797752809,True,0.7934535145759583,0.551594746716698,3198,0.9966101694915255,0.1836848258972168,0.09977611899375916,0.9001185297966003,345,failure,0.10333243012428284,0.4263298511505127,scene0012_01,1
0.9988976716995239,90,True,0.6326707000864304,mid,g0plus_step6000,1.1324882507324219e-06,90,7755,True,8017,novel,0.3690802752971649,90,0.6326707000864304,True,0.7934535145759583,0.9370885149963424,5468,0.6607350096711799,0.29191774129867554,0.16951416432857513,0.8293834924697876,345,failure,0.10333243012428284,0.4263298511505127,scene0012_01,2
0.9998946785926819,90,True,0.5227272727272727,mid,g0plus_step6000,1.2516975402832031e-06,90,1497,True,8017,novel,0.3690802752971649,90,0.5227272727272727,True,0.7934535145759583,0.5274095306341813,2791,0.9832999331997327,0.18387198448181152,0.11221484839916229,0.8876798748970032,345,failure,0.10333243012428284,0.4263298511505127,scene0012_01,3
0.9998940825462341,65,True,0.1824109098148517,mid,g0_step3000,1.3113021850585938e-06,65,3665,False,8001,context,0.8781774640083313,92,0.0,True,0.8264794945716858,0.0,0,0.0,0.8893423080444336,1.478499722824822e-12,0.9998940229415894,226,failure,0.1501273810863495,0.8567950129508972,scene0012_01,0
0.99989253282547,65,True,0.2284403156304214,mid,g0_step3000,1.6689300537109375e-06,65,4082,False,8001,context,0.8781774640083313,92,0.0,True,0.8264794945716858,0.0,0,0.0,0.8321840167045593,3.7217486579567416e-13,0.9998925924301147,226,failure,0.1501273810863495,0.8567950129508972,scene0012_01,1
0.9998925924301147,65,True,0.20946148466380257,mid,g0_step3000,1.430511474609375e-06,65,4193,False,8001,novel,0.8781774640083313,92,0.0,True,0.8264794945716858,0.0,0,0.0,0.8513866066932678,8.208702272603785e-13,0.9998924732208252,226,failure,0.1501273810863495,0.8567950129508972,scene0012_01,2
0.9998825788497925,65,True,0.2555056773171376,mid,g0_step3000,1.3113021850585938e-06,65,4838,False,8001,novel,0.8781774640083313,92,0.0,True,0.8264794945716858,0.0,0,0.0,0.8232789635658264,3.538897690516518e-13,0.9998824596405029,226,failure,0.1501273810863495,0.8567950129508972,scene0012_01,3
0.999895453453064,14,True,0.1452493629413906,mid,g0_step6000,1.2516975402832031e-06,52,3665,False,8001,context,0.4712647497653961,35,0.0,True,0.8243545889854431,0.0,0,0.0,0.8114931583404541,1.04927642909005e-13,0.9998953938484192,226,failure,0.17078453302383423,0.8385728597640991,scene0012_01,0
0.9998946785926819,52,True,0.33373963920039007,mid,g0_step6000,1.2516975402832031e-06,52,4082,False,8001,context,0.4712647497653961,35,0.0,True,0.8243545889854431,0.0,0,0.0,0.8531443476676941,4.860624706545802e-14,0.9998946785926819,226,failure,0.17078453302383423,0.8385728597640991,scene0012_01,1
0.9998947978019714,52,True,0.11348937480751463,mid,g0_step6000,1.3113021850585938e-06,52,4193,False,8001,novel,0.4712647497653961,35,0.0,True,0.8243545889854431,0.0,0,0.0,0.8112563490867615,6.870933401230406e-14,0.9998946785926819,226,failure,0.17078453302383423,0.8385728597640991,scene0012_01,2
0.9998897314071655,52,True,0.3498233215547703,mid,g0_step6000,1.2516975402832031e-06,52,4838,False,8001,novel,0.4712647497653961,35,0.0,True,0.8243545889854431,0.0,0,0.0,0.8394165635108948,4.729959710036459e-14,0.9998897314071655,226,failure,0.17078453302383423,0.8385728597640991,scene0012_01,3
0.9972354173660278,22,True,0.15532286212914484,mid,g0plus_step3000,1.0728836059570312e-06,22,3665,False,8001,context,1.641372799873352,14,0.0,True,0.862249493598938,0.0,0,0.0,0.966512143611908,0.3231515884399414,0.6740838885307312,226,failure,0.2472204715013504,0.9712509512901306,scene0012_01,0
0.9884934425354004,22,True,0.028563348416289592,mid,g0plus_step3000,1.0132789611816406e-06,22,4082,False,8001,context,1.641372799873352,14,0.0,True,0.862249493598938,0.0,0,0.0,0.975376546382904,0.3610577881336212,0.6274356245994568,226,failure,0.2472204715013504,0.9712509512901306,scene0012_01,1
0.991741955280304,22,True,0.11599471249173827,mid,g0plus_step3000,1.0132789611816406e-06,22,4193,False,8001,novel,1.641372799873352,14,0.0,True,0.862249493598938,0.0,0,0.0,0.9696986079216003,0.337303102016449,0.6544387936592102,226,failure,0.2472204715013504,0.9712509512901306,scene0012_01,2
0.980999767780304,22,True,0.03258052573121066,mid,g0plus_step3000,1.0728836059570312e-06,22,4838,False,8001,novel,1.641372799873352,14,0.0,True,0.862249493598938,0.0,0,0.0,0.975045919418335,0.36526989936828613,0.6157299280166626,226,failure,0.2472204715013504,0.9712509512901306,scene0012_01,3
0.9998947381973267,65,True,0.048014605203103605,mid,g0plus_step6000,1.2516975402832031e-06,22,3665,False,8001,context,0.566576361656189,22,0.0,True,0.9018821120262146,0.0,0,0.0,0.6955810785293579,0.08646554499864578,0.9134292006492615,226,failure,0.10124948620796204,0.7020275592803955,scene0012_01,0
0.9998946785926819,65,True,0.006189821182943604,mid,g0plus_step6000,1.3113021850585938e-06,22,4082,False,8001,context,0.566576361656189,22,0.0,True,0.9018821120262146,0.0,0,0.0,0.7039364576339722,0.19751575589179993,0.8023790121078491,226,failure,0.10124948620796204,0.7020275592803955,scene0012_01,1
0.9998947978019714,65,True,0.01965665236051502,mid,g0plus_step6000,1.1324882507324219e-06,22,4193,False,8001,novel,0.566576361656189,22,0.0,True,0.9018821120262146,0.0,0,0.0,0.6839290857315063,0.1259685903787613,0.8739262223243713,226,failure,0.10124948620796204,0.7020275592803955,scene0012_01,2
0.999894380569458,65,True,0.008692120227457351,mid,g0plus_step6000,1.2516975402832031e-06,22,4838,False,8001,novel,0.566576361656189,22,0.0,True,0.9018821120262146,0.0,0,0.0,0.6964815855026245,0.2160705029964447,0.7838239073753357,226,failure,0.10124948620796204,0.7020275592803955,scene0012_01,3
0.9996408224105835,57,True,0.3181301613758618,mid,g0_step3000,1.3709068298339844e-06,57,7404,False,5018,context,1.8133611679077148,51,0.053021664766248575,True,0.7453455924987793,0.11782805429864253,5525,0.08792544570502431,0.6931453943252563,4.40420894198823e-11,0.9996406435966492,379,failure,0.33538809418678284,0.8109508752822876,scene0001_01,0
0.9997406005859375,86,True,0.18615384615384614,mid,g0_step3000,1.3709068298339844e-06,57,6309,False,5018,context,1.8133611679077148,51,0.07425081122351594,True,0.7453455924987793,0.15726703052354962,4947,0.1233158979236012,0.7547828555107117,1.534798260705017e-10,0.9997404217720032,379,failure,0.33538809418678284,0.8109508752822876,scene0001_01,1
0.9996206760406494,86,True,0.1917684305744007,mid,g0_step3000,1.430511474609375e-06,57,5775,False,5018,novel,1.8133611679077148,51,0.0930974179611151,True,0.7453455924987793,0.186559472273758,4851,0.15670995670995672,0.7391469478607178,1.5534308561715449e-10,0.9996204972267151,379,failure,0.33538809418678284,0.8109508752822876,scene0001_01,2
0.9996992945671082,86,True,0.18651665641205942,mid,g0_step3000,1.3113021850585938e-06,57,6389,False,5018,novel,1.8133611679077148,51,0.08118619348565873,True,0.7453455924987793,0.17649545550623547,4731,0.13069337924557833,0.7502123117446899,1.8005094637452146e-10,0.999699056148529,379,failure,0.33538809418678284,0.8109508752822876,scene0001_01,3
0.9996039271354675,57,True,0.28420664206642066,mid,g0_step6000,1.2516975402832031e-06,57,7404,False,5018,context,0.35455265641212463,57,0.28420664206642066,True,0.8932929039001465,0.3852155646694008,9997,0.5201242571582928,0.4454958438873291,2.102280571847359e-09,0.9996039271354675,379,failure,0.24471434950828552,0.6248700022697449,scene0001_01,0
0.9764803647994995,57,True,0.3909576724064806,mid,g0_step6000,1.3709068298339844e-06,57,6309,False,5018,context,0.35455265641212463,57,0.3909576724064806,True,0.8932929039001465,0.4568341758350679,10089,0.7305436677761927,0.49527013301849365,2.8169657717569407e-09,0.9764803051948547,379,failure,0.24471434950828552,0.6248700022697449,scene0001_01,1
0.9637607932090759,57,True,0.3919115757004541,mid,g0_step6000,1.1920928955078125e-06,57,5775,False,5018,novel,0.35455265641212463,57,0.3919115757004541,True,0.8932929039001465,0.43686723973256925,10470,0.792034632034632,0.48905861377716064,2.89190271729467e-09,0.9637606143951416,379,failure,0.24471434950828552,0.6248700022697449,scene0001_01,2
0.9651033878326416,57,True,0.3814321398834305,mid,g0_step6000,1.3709068298339844e-06,57,6389,False,5018,novel,0.35455265641212463,57,0.3814321398834305,True,0.8932929039001465,0.4490296020388159,10202,0.7170136171544843,0.49689167737960815,3.300753226298525e-09,0.965103268623352,379,failure,0.24471434950828552,0.6248700022697449,scene0001_01,3
0.9984594583511353,62,True,0.4523064250411862,mid,g0plus_step3000,1.2516975402832031e-06,62,7404,False,5018,context,0.4046356678009033,92,0.0,True,0.9262422919273376,0.0,1078,0.0,0.7320743799209595,0.22306351363658905,0.775395929813385,379,failure,0.37480440735816956,0.8596659898757935,scene0001_01,0
0.9961486458778381,62,True,0.18035387431360586,mid,g0plus_step3000,1.0728836059570312e-06,62,6309,False,5018,context,0.4046356678009033,92,0.02074774034511093,True,0.9262422919273376,0.03524075366364271,8598,0.048026628625772706,0.7544105052947998,0.18966461718082428,0.806484043598175,379,failure,0.37480440735816956,0.8596659898757935,scene0001_01,1
0.9968253374099731,62,True,0.18789858453880853,mid,g0plus_step3000,1.3113021850585938e-06,62,5775,False,5018,novel,0.4046356678009033,92,0.04318111214662939,True,0.9262422919273376,0.09699930216329379,4299,0.0722077922077922,0.7109889388084412,0.18813714385032654,0.8086881637573242,379,failure,0.37480440735816956,0.8596659898757935,scene0001_01,2
0.9960474371910095,62,True,0.2007485380116959,mid,g0plus_step3000,1.1920928955078125e-06,62,6389,False,5018,novel,0.4046356678009033,92,0.03168349339243208,True,0.9262422919273376,0.062459546925566344,6180,0.060416340585381124,0.7153570652008057,0.1805620789527893,0.8154853582382202,379,failure,0.37480440735816956,0.8596659898757935,scene0001_01,3
0.9995001554489136,62,True,0.2933204808346564,mid,g0plus_step6000,1.3709068298339844e-06,62,7404,False,5018,context,0.39089807868003845,62,0.2933204808346564,True,0.9616383910179138,0.33580006491398895,15405,0.6986763911399244,0.5127949714660645,0.20470066368579865,0.7947995066642761,379,failure,0.39795926213264465,0.7069312930107117,scene0001_01,0
0.9978571534156799,62,True,0.16463867731748097,mid,g0plus_step6000,1.1920928955078125e-06,62,6309,False,5018,context,0.39089807868003845,62,0.16463867731748097,True,0.9616383910179138,0.188885336743393,18768,0.5618957045490569,0.7438719272613525,0.165323406457901,0.8325337767601013,379,failure,0.39795926213264465,0.7069312930107117,scene0001_01,1
0.997713029384613,62,True,0.15248591721773205,mid,g0plus_step6000,1.3113021850585938e-06,62,5775,False,5018,novel,0.39089807868003845,62,0.15248591721773205,True,0.9616383910179138,0.17535064496141498,17753,0.539047619047619,0.7915364503860474,0.16605807840824127,0.8316549062728882,379,failure,0.39795926213264465,0.7069312930107117,scene0001_01,2
0.9979172348976135,62,True,0.1534973787370708,mid,g0plus_step6000,1.3113021850585938e-06,62,6389,False,5018,novel,0.39089807868003845,62,0.1534973787370708,True,0.9616383910179138,0.18021514916269268,18034,0.5086868054468618,0.7771206498146057,0.16522890329360962,0.8326883316040039,379,failure,0.39795926213264465,0.7069312930107117,scene0001_01,3
,,,,large,g0_step3000,,31,0,,8024,context,35.93925857543945,92,,,,,,,,,,369,failure,0.514622688293457,0.8845669031143188,scene0007_00,0
0.2163604497909546,92,True,0.04017531044558072,large,g0_step3000,5.960464477539062e-07,31,9030,False,8024,context,35.93925857543945,92,0.04017531044558072,True,0.6412713527679443,0.10556621880998081,5210,0.06090808416389812,0.8961098790168762,4.591822755362074e-11,0.2163604348897934,369,failure,0.514622688293457,0.8845669031143188,scene0007_00,1
,,,,large,g0_step3000,,31,0,,8024,novel,35.93925857543945,92,,,,,,,,,,369,failure,0.514622688293457,0.8845669031143188,scene0007_00,2
0.22850552201271057,92,True,0.05281385281385281,large,g0_step3000,4.76837158203125e-07,31,9352,False,8024,novel,35.93925857543945,92,0.05281385281385281,True,0.6412713527679443,0.13969465648854962,5240,0.07827202737382379,0.8825086355209351,4.5984424601464013e-11,0.228505477309227,369,failure,0.514622688293457,0.8845669031143188,scene0007_00,3
,,,,large,g0_step6000,,59,0,,8024,context,0.35796982049942017,59,,,,,,,,,,369,failure,0.29232916235923767,0.6711763143539429,scene0007_00,0
0.45844337344169617,59,True,0.17241682029672548,large,g0_step6000,5.960464477539062e-07,59,9030,False,8024,context,0.35796982049942017,59,0.17241682029672548,True,0.6774598956108093,0.22217194570135745,17680,0.43499446290143967,0.7038108110427856,9.298080773544244e-16,0.45844337344169617,369,failure,0.29232916235923767,0.6711763143539429,scene0007_00,1
,,,,large,g0_step6000,,59,0,,8024,novel,0.35796982049942017,59,,,,,,,,,,369,failure,0.29232916235923767,0.6711763143539429,scene0007_00,2
0.45938464999198914,59,True,0.17139059217014707,large,g0_step6000,5.960464477539062e-07,59,9352,False,8024,novel,0.35796982049942017,59,0.17139059217014707,True,0.6774598956108093,0.22247578759879774,17966,0.4273952095808383,0.6993547677993774,1.219567248940043e-15,0.4593846797943115,369,failure,0.29232916235923767,0.6711763143539429,scene0007_00,3
,,,,large,g0plus_step3000,,57,0,,8024,context,0.062228407710790634,57,,,,,,,,,,369,failure,1.0395758152008057,0.9973477125167847,scene0007_00,0
0.0,,,0.0,large,g0plus_step3000,5.364418029785156e-07,57,9030,False,8024,context,0.062228407710790634,57,0.0,True,0.7929356098175049,0.0,0,0.0,0.9998693466186523,0.0,0.0,369,failure,1.0395758152008057,0.9973477125167847,scene0007_00,1
,,,,large,g0plus_step3000,,57,0,,8024,novel,0.062228407710790634,57,,,,,,,,,,369,failure,1.0395758152008057,0.9973477125167847,scene0007_00,2
0.0,,,0.0,large,g0plus_step3000,4.172325134277344e-07,57,9352,False,8024,novel,0.062228407710790634,57,0.0,True,0.7929356098175049,0.0,0,0.0,0.9998731017112732,0.0,0.0,369,failure,1.0395758152008057,0.9973477125167847,scene0007_00,3
,,,,large,g0plus_step6000,,14,0,,8024,context,16.37210464477539,14,,,,,,,,,,369,failure,0.5540573000907898,0.8527922034263611,scene0007_00,0
0.1632368415594101,14,True,0.04414995393664517,large,g0plus_step6000,8.344650268554688e-07,14,9030,False,8024,context,16.37210464477539,14,0.04414995393664517,True,0.8778878450393677,0.10922159887798036,5704,0.06899224806201551,0.886009693145752,0.010736828669905663,0.1525000035762787,369,failure,0.5540573000907898,0.8527922034263611,scene0007_00,1
,,,,large,g0plus_step6000,,14,0,,8024,novel,16.37210464477539,14,,,,,,,,,,369,failure,0.5540573000907898,0.8527922034263611,scene0007_00,2
0.18001961708068848,14,True,0.05136673459349308,large,g0plus_step6000,8.344650268554688e-07,14,9352,False,8024,novel,16.37210464477539,14,0.05136673459349308,True,0.8778878450393677,0.1303030303030303,5610,0.0781650983746792,0.8731006979942322,0.013211342506110668,0.16680827736854553,369,failure,0.5540573000907898,0.8527922034263611,scene0007_00,3
,,,,large,g0_step3000,,31,0,,8006,context,500.2679443359375,31,,,,,,,,,,256,failure,0.4032072424888611,0.8589481711387634,scene0007_00,0
0.20544882118701935,31,False,0.03071875932001193,large,g0_step3000,5.960464477539062e-07,31,10058,False,8006,context,500.2679443359375,31,0.03071875932001193,True,0.3286609351634979,0.9967741935483871,310,0.030721813481805527,0.8466691970825195,5.296538208021673e-11,0.20544882118701935,256,failure,0.4032072424888611,0.8589481711387634,scene0007_00,1
,,,,large,g0_step3000,,31,0,,8006,novel,500.2679443359375,31,,,,,,,,,,256,failure,0.4032072424888611,0.8589481711387634,scene0007_00,2
0.21789979934692383,31,False,0.029584147362545353,large,g0_step3000,4.76837158203125e-07,31,10749,False,8006,novel,500.2679443359375,31,0.029584147362545353,True,0.3286609351634979,1.0,318,0.029584147362545353,0.8419378995895386,5.450174686560949e-11,0.21789978444576263,256,failure,0.4032072424888611,0.8589481711387634,scene0007_00,3
,,,,large,g0_step6000,,59,0,,8006,context,99.93965148925781,98,,,,,,,,,,256,failure,0.43691909313201904,0.9858698844909668,scene0007_00,0
0.4933667778968811,59,True,0.16781744695183565,large,g0_step6000,5.960464477539062e-07,59,10058,False,8006,context,99.93965148925781,98,0.0,True,0.45130348205566406,0.0,0,0.0,0.9845877289772034,7.41116665276952e-16,0.4933667778968811,256,failure,0.43691909313201904,0.9858698844909668,scene0007_00,1
,,,,large,g0_step6000,,59,0,,8006,novel,99.93965148925781,98,,,,,,,,,,256,failure,0.43691909313201904,0.9858698844909668,scene0007_00,2
0.507675051689148,59,True,0.18858396456806986,large,g0_step6000,5.960464477539062e-07,59,10749,False,8006,novel,99.93965148925781,98,0.0,True,0.45130348205566406,0.0,0,0.0,0.983765184879303,9.80843930008864e-16,0.507675051689148,256,failure,0.43691909313201904,0.9858698844909668,scene0007_00,3
,,,,large,g0plus_step3000,,57,0,,8006,context,0.06194624677300453,5,,,,,,,,,,256,failure,0.7196875810623169,0.9960971474647522,scene0007_00,0
0.0,,,0.0,large,g0plus_step3000,5.364418029785156e-07,57,10058,False,8006,context,0.06194624677300453,5,0.0,True,0.6647014021873474,0.0,0,0.0,0.9998806118965149,0.0,0.0,256,failure,0.7196875810623169,0.9960971474647522,scene0007_00,1
,,,,large,g0plus_step3000,,57,0,,8006,novel,0.06194624677300453,5,,,,,,,,,,256,failure,0.7196875810623169,0.9960971474647522,scene0007_00,2
0.0,,,0.0,large,g0plus_step3000,4.172325134277344e-07,57,10749,False,8006,novel,0.06194624677300453,5,0.0,True,0.6647014021873474,0.0,0,0.0,0.9998869895935059,0.0,0.0,256,failure,0.7196875810623169,0.9960971474647522,scene0007_00,3
,,,,large,g0plus_step6000,,14,0,,8006,context,3.3590493202209473,22,,,,,,,,,,256,failure,0.26764976978302,0.9491001963615417,scene0007_00,0
0.15759679675102234,14,True,0.003629417382999045,large,g0plus_step6000,8.344650268554688e-07,14,10058,False,8006,context,3.3590493202209473,22,0.0,True,0.8855555057525635,0.0,778,0.0,0.9297964572906494,0.00676488783210516,0.1508319079875946,256,failure,0.26764976978302,0.9491001963615417,scene0007_00,1
,,,,large,g0plus_step6000,,14,0,,8006,novel,3.3590493202209473,22,,,,,,,,,,256,failure,0.26764976978302,0.9491001963615417,scene0007_00,2
0.1783563792705536,14,True,0.010001852194850898,large,g0plus_step6000,8.344650268554688e-07,14,10749,False,8006,novel,3.3590493202209473,22,0.0,True,0.8855555057525635,0.0,1002,0.0,0.9166114926338196,0.0077195544727146626,0.1706368327140808,256,failure,0.26764976978302,0.9491001963615417,scene0007_00,3
0.9938638806343079,51,True,0.30890464933018125,large,g0_step3000,1.4901161193847656e-06,57,9387,False,20017,context,290.6454162597656,57,0.1475351274112884,True,0.6893345713615417,0.2506321432183676,9887,0.2639821029082774,0.7021622061729431,1.1088512053003541e-10,0.9938637614250183,681,failure,0.48156487941741943,0.6332544088363647,scene0009_00,0
0.9987648129463196,57,True,0.2985142082368228,large,g0_step3000,1.5497207641601562e-06,57,13130,False,20017,context,290.6454162597656,57,0.2985142082368228,True,0.6893345713615417,0.5361745306950786,9855,0.4024371667936024,0.5641852617263794,1.0045299661531892e-11,0.99876469373703,681,failure,0.48156487941741943,0.6332544088363647,scene0009_00,1
0.9951688647270203,57,True,0.2583018074821353,large,g0_step3000,1.5497207641601562e-06,57,12236,False,20017,novel,290.6454162597656,57,0.2583018074821353,True,0.6893345713615417,0.4197404371584699,11712,0.40176528277214774,0.6311325430870056,2.985812638800489e-11,0.9951688647270203,681,failure,0.48156487941741943,0.6332544088363647,scene0009_00,2
0.9985517859458923,57,True,0.2735628342245989,large,g0_step3000,1.6093254089355469e-06,57,12316,False,20017,novel,290.6454162597656,57,0.2735628342245989,True,0.6893345713615417,0.4656300369773395,10547,0.39874959402403376,0.6195207834243774,9.126871133857684e-12,0.998551607131958,681,failure,0.48156487941741943,0.6332544088363647,scene0009_00,3
0.9982043504714966,57,True,0.34351360904913397,large,g0_step6000,1.3113021850585938e-06,14,9387,False,20017,context,1.3773523569107056,14,0.0030008110300081105,True,0.863715410232544,0.012416107382550336,2980,0.003941621391285821,0.8682129383087158,9.31796306780086e-10,0.9982043504714966,681,failure,0.3877609074115753,0.6958789825439453,scene0009_00,0
0.9990062117576599,14,True,0.23115003808073115,large,g0_step6000,1.1920928955078125e-06,14,13130,False,20017,context,1.3773523569107056,14,0.23115003808073115,True,0.863715410232544,1.0,3035,0.23115003808073115,0.530947208404541,1.255635456720583e-10,0.9990062117576599,681,failure,0.3877609074115753,0.6958789825439453,scene0009_00,1
0.9975318908691406,14,True,0.22432,large,g0_step6000,1.3113021850585938e-06,14,12236,False,20017,novel,1.3773523569107056,14,0.22432,True,0.863715410232544,0.9139504563233377,3068,0.2291598561621445,0.6011769771575928,3.297374595589986e-10,0.9975318312644958,681,failure,0.3877609074115753,0.6958789825439453,scene0009_00,2
0.9988759756088257,14,True,0.23802565351518104,large,g0_step6000,1.1920928955078125e-06,14,12316,False,20017,novel,1.3773523569107056,14,0.23802565351518104,True,0.863715410232544,0.9993183367416496,2934,0.2380643065930497,0.5398446321487427,1.270720334511921e-10,0.9988760948181152,681,failure,0.3877609074115753,0.6958789825439453,scene0009_00,3
0.997363805770874,62,True,0.1877885686992517,large,g0plus_step3000,1.3113021850585938e-06,62,9387,False,20017,context,0.5817415714263916,62,0.1877885686992517,True,0.9391286373138428,0.42627394289844595,5534,0.2513049962714392,0.6298038959503174,0.2653997242450714,0.7319640517234802,681,failure,0.3780823349952698,0.7100178003311157,scene0009_00,0
0.998650312423706,22,True,0.17711250205896886,large,g0plus_step3000,1.1920928955078125e-06,62,13130,False,20017,context,0.5817415714263916,62,0.0,True,0.9391286373138428,0.0,0,0.0,0.7928652167320251,0.40962666273117065,0.5890236496925354,681,failure,0.3780823349952698,0.7100178003311157,scene0009_00,1
0.9971567988395691,22,True,0.05862274475808636,large,g0plus_step3000,1.3113021850585938e-06,62,12236,False,20017,novel,0.5817415714263916,62,0.038982259570494865,True,0.9391286373138428,0.11997126436781609,5568,0.05459300424975482,0.7382618188858032,0.390350878238678,0.6068059802055359,681,failure,0.3780823349952698,0.7100178003311157,scene0009_00,2
0.9988400936126709,22,True,0.17953370225891319,large,g0plus_step3000,1.1920928955078125e-06,62,12316,False,20017,novel,0.5817415714263916,62,0.0,True,0.9391286373138428,0.0,2473,0.0,0.8346785306930542,0.4100041389465332,0.5888360142707825,681,failure,0.3780823349952698,0.7100178003311157,scene0009_00,3
0.9963359236717224,62,True,0.5739773716275022,large,g0plus_step6000,1.430511474609375e-06,62,9387,True,20017,context,0.459291934967041,62,0.5739773716275022,True,0.8967887759208679,0.7582202805242585,8698,0.7025673804197294,0.3995624780654907,0.16760101914405823,0.8287349343299866,681,failure,0.3174898624420166,0.5531859993934631,scene0009_00,0
0.9948999881744385,22,True,0.1506271795138708,large,g0plus_step6000,1.3709068298339844e-06,62,13130,False,20017,context,0.459291934967041,62,0.11540483701366983,True,0.8967887759208679,0.45705361790733995,3842,0.13373952779893375,0.6383691430091858,0.3799922466278076,0.6149077415466309,681,failure,0.3174898624420166,0.5531859993934631,scene0009_00,1
0.992983341217041,62,True,0.35554990787216467,large,g0plus_step6000,1.4901161193847656e-06,62,12236,False,20017,novel,0.459291934967041,62,0.35554990787216467,True,0.8967887759208679,0.6150126387515111,9099,0.45733899967309577,0.4972672462463379,0.28409963846206665,0.7088837027549744,681,failure,0.3174898624420166,0.5531859993934631,scene0009_00,2
0.9949435591697693,22,True,0.17419099716601857,large,g0plus_step6000,1.4901161193847656e-06,62,12316,False,20017,novel,0.459291934967041,62,0.08732351135666053,True,0.8967887759208679,0.19096095760152143,8939,0.13860019486846378,0.7224835753440857,0.37654349207878113,0.6184000968933105,681,failure,0.3174898624420166,0.5531859993934631,scene0009_00,3
0.9873095750808716,65,True,0.3706974884600007,large,g0_step3000,1.3113021850585938e-06,65,17620,False,8019,context,1.6526319980621338,65,0.3706974884600007,True,0.8603425025939941,0.5076149711327892,20092,0.5788308740068104,0.4868473410606384,3.980383384005748e-11,0.9873095750808716,1521,failure,0.6632653474807739,0.4895527958869934,scene0012_01,0
0.9653441905975342,65,True,0.4081731938701046,large,g0_step3000,1.6689300537109375e-06,65,28443,False,8019,context,1.6526319980621338,65,0.4081731938701046,True,0.8603425025939941,0.7512451732049918,17869,0.4719614667932356,0.45115232467651367,4.382511714640103e-11,0.9653441905975342,1521,failure,0.6632653474807739,0.4895527958869934,scene0012_01,1
0.9822586178779602,65,True,0.3721662042363132,large,g0_step3000,1.430511474609375e-06,65,20535,False,8019,novel,1.6526319980621338,65,0.3721662042363132,True,0.8603425025939941,0.5494554900589469,20018,0.5356221085950815,0.48351770639419556,4.051427596185597e-11,0.9822586178779602,1521,failure,0.6632653474807739,0.4895527958869934,scene0012_01,2
0.9684045910835266,65,True,0.3864450961225155,large,g0_step3000,1.3113021850585938e-06,65,27870,False,8019,novel,1.6526319980621338,65,0.3864450961225155,True,0.8603425025939941,0.6889886453657248,18935,0.46810190168640115,0.46931809186935425,4.1861559357814215e-11,0.9684045314788818,1521,failure,0.6632653474807739,0.4895527958869934,scene0012_01,3
0.9998460412025452,14,True,0.27359704822378583,large,g0_step6000,1.2516975402832031e-06,65,17620,False,8019,context,5.113117218017578,65,0.27132873920217415,True,0.8332213163375854,0.651859624577358,8577,0.31730987514188425,0.5056228041648865,4.0451301162869324e-12,0.9998460412025452,1521,failure,0.844086766242981,0.6104453802108765,scene0012_01,0
0.9948678612709045,14,True,0.30133484805453,large,g0_step6000,1.2516975402832031e-06,65,28443,False,8019,context,5.113117218017578,65,0.1678342089900759,True,0.8332213163375854,0.4971038298608109,11567,0.2021587033716556,0.6188613176345825,2.4674533249946506e-12,0.9948678016662598,1521,failure,0.844086766242981,0.6104453802108765,scene0012_01,1
0.9995832443237305,14,True,0.2750009709114917,large,g0_step6000,1.3113021850585938e-06,65,20535,False,8019,novel,5.113117218017578,65,0.22263113196101428,True,0.8332213163375854,0.5677013509332783,9697,0.2680788897005113,0.5600030422210693,2.904854525323519e-12,0.9995832443237305,1521,failure,0.844086766242981,0.6104453802108765,scene0012_01,2
0.9964790940284729,14,True,0.28692581733345945,large,g0_step6000,1.2516975402832031e-06,65,27870,False,8019,novel,5.113117218017578,65,0.16876025660152172,True,0.8332213163375854,0.5004866825944607,11301,0.20294223179045567,0.6246111392974854,2.3473527809014794e-12,0.9964790344238281,1521,failure,0.844086766242981,0.6104453802108765,scene0012_01,3
0.9649596810340881,22,True,0.05013091861226271,large,g0plus_step3000,1.0728836059570312e-06,22,17620,False,8019,context,0.44335120916366577,22,0.05013091861226271,True,0.9533345103263855,0.5634580012262416,1631,0.052156640181611806,0.6531544923782349,0.32864493131637573,0.6363146901130676,1521,failure,0.6194039583206177,0.6326390504837036,scene0012_01,0
0.8827754259109497,22,True,0.10438121836271601,large,g0plus_step3000,1.0132789611816406e-06,22,28443,False,8019,context,0.44335120916366577,22,0.10438121836271601,True,0.9533345103263855,0.9367167919799498,3192,0.1051225257532609,0.6056430339813232,0.30792176723480225,0.5748536586761475,1521,failure,0.6194039583206177,0.6326390504837036,scene0012_01,1
0.9472362399101257,22,True,0.08753590431793568,large,g0plus_step3000,1.0132789611816406e-06,22,20535,False,8019,novel,0.44335120916366577,22,0.08753590431793568,True,0.9533345103263855,0.7258883248730964,2561,0.09052836620404188,0.6159709095954895,0.32395386695861816,0.6232824325561523,1521,failure,0.6194039583206177,0.6326390504837036,scene0012_01,2
0.8890878558158875,22,True,0.11605175232814388,large,g0plus_step3000,1.0728836059570312e-06,22,27870,False,8019,novel,0.44335120916366577,22,0.11605175232814388,True,0.9533345103263855,0.9251912723151035,3529,0.11715105848582705,0.5986407399177551,0.3065977096557617,0.5824901461601257,1521,failure,0.6194039583206177,0.6326390504837036,scene0012_01,3
0.9992265105247498,65,True,0.3812652728753733,large,g0plus_step6000,1.2516975402832031e-06,65,17620,False,8019,context,0.5709426999092102,65,0.3812652728753733,True,0.8358136415481567,0.8982855680655066,7816,0.39846765039727583,0.46151453256607056,0.14496898651123047,0.8542576432228088,1521,failure,0.5722079873085022,0.530969500541687,scene0012_01,0
0.9799571633338928,14,True,0.2993003550961572,large,g0plus_step6000,1.3113021850585938e-06,65,28443,False,8019,context,0.5709426999092102,65,0.24284926597284445,True,0.8358136415481567,0.92456048281291,7622,0.2477586752452273,0.5517332553863525,0.14417515695095062,0.835781991481781,1521,failure,0.5722079873085022,0.530969500541687,scene0012_01,1
0.9973673224449158,65,True,0.3228800450007031,large,g0plus_step6000,1.1324882507324219e-06,65,20535,False,8019,novel,0.5709426999092102,65,0.3228800450007031,True,0.8358136415481567,0.8961748633879781,7686,0.33542731921110297,0.4973980188369751,0.13656198978424072,0.860805332660675,1521,failure,0.5722079873085022,0.530969500541687,scene0012_01,2
0.9860472083091736,14,True,0.31489056332974524,large,g0plus_step6000,1.2516975402832031e-06,65,27870,False,8019,novel,0.5709426999092102,65,0.2421248116612355,True,0.8358136415481567,0.9117297796543079,7579,0.24793684965913168,0.5511194467544556,0.13810524344444275,0.8479419946670532,1521,failure,0.5722079873085022,0.530969500541687,scene0012_01,3
0.9834622740745544,92,True,0.30090827151078137,large,g0_step3000,1.3709068298339844e-06,92,13453,False,6002,context,2.1988728046417236,92,0.30090827151078137,True,0.8857630491256714,0.8173258003766478,5310,0.3226046235040511,0.5412467122077942,6.541782306829225e-12,0.9834620952606201,616,success_reference,0.46995460987091064,0.6543587446212769,scene0001_01,0
0.9478548765182495,57,True,0.1001482108829134,large,g0_step3000,1.3709068298339844e-06,92,6160,False,6002,context,2.1988728046417236,92,0.0,True,0.8857630491256714,0.0,0,0.0,0.9330607056617737,3.935037712343714e-11,0.9478548765182495,616,success_reference,0.46995460987091064,0.6543587446212769,scene0001_01,1
0.9757007360458374,92,True,0.17665615141955837,large,g0_step3000,1.430511474609375e-06,92,12691,False,6002,novel,2.1988728046417236,92,0.17665615141955837,True,0.8857630491256714,0.7192353643966547,3348,0.1897407611693326,0.6724858283996582,2.3241211039026766e-11,0.9757006168365479,616,success_reference,0.46995460987091064,0.6543587446212769,scene0001_01,2
0.9723076224327087,65,True,0.11294824994631737,large,g0_step3000,1.3113021850585938e-06,92,11064,False,6002,novel,2.1988728046417236,92,0.10795250089960418,True,0.8857630491256714,0.9584664536741214,1252,0.10845986984815618,0.7243248224258423,2.4195557016271074e-11,0.9723075032234192,616,success_reference,0.46995460987091064,0.6543587446212769,scene0001_01,3
0.9997310042381287,14,True,0.35152010703932207,large,g0_step6000,1.2516975402832031e-06,14,13453,False,6002,context,0.5506538152694702,14,0.35152010703932207,True,0.881986677646637,1.0,4729,0.35152010703932207,0.48227065801620483,1.2634805701683405e-10,0.9997310042381287,616,success_reference,0.2204543799161911,0.5078575015068054,scene0001_01,0
0.9992260336875916,14,True,0.408567256206393,large,g0_step6000,1.3709068298339844e-06,14,6160,False,6002,context,0.5506538152694702,14,0.408567256206393,True,0.881986677646637,0.9988099960333201,2521,0.4087662337662338,0.4352717995643616,5.989719276122685e-10,0.9992260336875916,616,success_reference,0.2204543799161911,0.5078575015068054,scene0001_01,1
0.9995499849319458,14,True,0.38567839195979897,large,g0_step6000,1.1920928955078125e-06,14,12691,False,6002,novel,0.5506538152694702,14,0.38567839195979897,True,0.881986677646637,0.9909219285858382,4957,0.38704593806634624,0.43892180919647217,3.7493969040625075e-10,0.9995499849319458,616,success_reference,0.2204543799161911,0.5078575015068054,scene0001_01,2
0.99951171875,14,True,0.4390860652036485,large,g0_step6000,1.3709068298339844e-06,14,11064,False,6002,novel,0.5506538152694702,14,0.4390860652036485,True,0.881986677646637,0.9981523301170191,4871,0.43944323933477947,0.4079735279083252,3.9180408917260934e-10,0.99951171875,616,success_reference,0.2204543799161911,0.5078575015068054,scene0001_01,3
0.9969249963760376,22,True,0.41594827586206895,large,g0plus_step3000,1.2516975402832031e-06,22,13453,False,6002,context,0.5138914585113525,22,0.41594827586206895,True,0.9463950395584106,0.7079228673234123,9542,0.5021184865829184,0.4102576971054077,0.24614620208740234,0.75077885389328,616,success_reference,0.2976112961769104,0.582483172416687,scene0001_01,0
0.9766916036605835,62,True,0.014869757795198087,large,g0plus_step3000,1.0728836059570312e-06,22,6160,False,6002,context,0.5138914585113525,22,0.0,True,0.9463950395584106,0.0,0,0.0,0.8134642839431763,0.3223845660686493,0.6543070673942566,616,success_reference,0.2976112961769104,0.582483172416687,scene0001_01,1
0.9889419078826904,22,True,0.2656429062571625,large,g0plus_step3000,1.3113021850585938e-06,22,12691,False,6002,novel,0.5138914585113525,22,0.2656429062571625,True,0.9463950395584106,0.8972903225806451,3875,0.27397368213694745,0.5910273790359497,0.28847232460975647,0.7004695534706116,616,success_reference,0.2976112961769104,0.582483172416687,scene0001_01,2
0.9875165224075317,22,True,0.17813911472448057,large,g0plus_step3000,1.1920928955078125e-06,22,11064,False,6002,novel,0.5138914585113525,22,0.17813911472448057,True,0.9463950395584106,0.9969666329625885,1978,0.17823571945046998,0.634062647819519,0.3042466342449188,0.6832699179649353,616,success_reference,0.2976112961769104,0.582483172416687,scene0001_01,3
0.9998229146003723,22,True,0.30350459339911534,large,g0plus_step6000,1.3709068298339844e-06,22,13453,False,6002,context,1.677799940109253,65,0.11782214156079855,True,0.9175066947937012,0.8344473007712082,1945,0.12064223593250577,0.6633908152580261,0.1520727574825287,0.8477501273155212,616,success_reference,0.3909788131713867,0.7263753414154053,scene0001_01,0
0.999464750289917,62,True,0.15917228551499651,large,g0plus_step6000,1.1920928955078125e-06,22,6160,False,6002,context,1.677799940109253,65,0.0006144393241167435,True,0.9175066947937012,0.011299435028248588,354,0.0006493506493506494,0.6608426570892334,0.16978667676448822,0.8296781182289124,616,success_reference,0.3909788131713867,0.7263753414154053,scene0001_01,1
0.9996188879013062,62,True,0.13669118470671696,large,g0plus_step6000,1.3113021850585938e-06,22,12691,False,6002,novel,1.677799940109253,65,0.13579676674364896,True,0.9175066947937012,0.8550654386815317,2063,0.138996138996139,0.5900249481201172,0.18877144157886505,0.8108474016189575,616,success_reference,0.3909788131713867,0.7263753414154053,scene0001_01,2
0.999610424041748,62,True,0.1442390876917027,large,g0plus_step6000,1.3113021850585938e-06,22,11064,False,6002,novel,1.677799940109253,65,0.1301520344494244,True,0.9175066947937012,0.8246102449888641,1796,0.1338575560375994,0.5834733247756958,0.1971425861120224,0.802467942237854,616,success_reference,0.3909788131713867,0.7263753414154053,scene0001_01,3
