scene,view,frame_id,key,g0plus_iou1,recipe_v2_pure4_iou1,recipe_v2_pure4_stopgrad_iou1
scene0059_00,2,511,20034,0.0,0.0,0.0
scene0059_00,2,511,5010,0.0660548379786993,0.19303884026258206,0.39739583333333334
scene0059_00,2,511,5011,0.0,0.18717033819422899,0.14091264085685595
scene0059_00,2,511,5016,0.0,0.009380545930871292,0.0308205884636286
scene0059_00,2,511,5019,0.24391640423704553,0.0,0.052342971086739784
scene0059_00,2,511,6001,0.21848462362931817,0.3781906174381391,0.16160838824491366
scene0059_00,2,511,7007,0.21799333043352181,0.3502914679385268,0.2111346843221889
scene0059_00,2,511,8032,0.18942849476790985,0.0,0.0
scene0059_00,2,511,8033,0.09516672911202698,0.0,0.0
scene0059_00,3,516,20031,0.13982011447260834,0.02779864763335838,0.09168900804289544
scene0059_00,3,516,20034,0.056903559551668925,0.48700939745715865,0.16759388038942977
scene0059_00,3,516,5010,0.0,0.20070139548476656,0.35814069516048563
scene0059_00,3,516,5011,0.0,0.18270336579007898,0.13765460375629868
scene0059_00,3,516,5016,0.0,0.00033313900224868825,0.02012847965738758
scene0059_00,3,516,5019,0.21846571622539035,0.0,0.046386468477703745
scene0059_00,3,516,6001,0.08619880689054227,0.45688809629959876,0.20745920745920746
scene0059_00,3,516,7007,0.17385377942998761,0.4099134539732494,0.16876087376763968
scene0059_00,3,516,8032,0.19480209823557462,0.0,0.0
scene0059_00,3,516,8033,0.07147456535737283,0.0,0.0
scene0072_02,2,752,20031,0.3097064709806538,0.4683711122825514,0.23643733111619206
scene0072_02,2,752,8022,0.17730966992867805,0.12366521505697071,0.441319285387082
scene0072_02,3,760,20031,0.3047154248006599,0.4232593596476368,0.2579211020663745
scene0072_02,3,760,8022,0.21627573001436093,0.042210407604317705,0.33558608464436074
scene0132_01,2,465,5015,0.0,0.017830993194934964,0.37145764834820727
scene0132_01,2,465,5016,0.23049127927176707,0.3437571071184899,0.024081415300869772
scene0132_01,2,465,5017,0.0,0.03178178178178178,0.0
scene0132_01,2,465,6013,0.12056737588652482,0.0,0.0
scene0132_01,2,465,7012,0.267303428279038,0.2043754410726888,0.3219663261310647
scene0132_01,3,470,5015,0.0,0.006591431139518626,0.3271889400921659
scene0132_01,3,470,5016,0.24709825077652445,0.20456852791878172,0.035897769395850945
scene0132_01,3,470,5017,0.03586614901090775,0.24536532170119957,0.0
scene0132_01,3,470,6013,0.01334668001334668,0.0,0.0
scene0132_01,3,470,7012,0.2743849602531741,0.24799123447772095,0.34271906701813243
scene0472_01,2,105,4004,0.5637488947833775,0.44899127830147123,0.2927050980986289
scene0472_01,3,120,4004,0.5401344883988611,0.5132368404775159,0.17716007120361496
scene0559_01,2,242,20009,0.09356879283078545,0.26731858892341437,0.0988149180899268
scene0559_01,2,242,6002,0.5526607246453246,0.3677134397903218,0.12874682004203075
scene0559_01,2,242,6003,0.13199413742564015,0.30811573747353566,0.04487577639751553
scene0559_01,2,242,7015,0.07495898277276457,0.009452660466534533,0.0
scene0559_01,2,242,8013,0.2880366342301088,0.09017553252514436,0.08581123828147466
scene0559_01,3,260,20009,0.23296137339055795,0.2852530409971467,0.026100027329871548
scene0559_01,3,260,6002,0.4806740052010972,0.4417402541460263,0.10703244376532461
scene0559_01,3,260,6003,0.21514368253002888,0.3940286517606105,0.04418225178862809
scene0559_01,3,260,7015,0.11056290648127383,0.022901913515142383,0.0
scene0559_01,3,260,8013,0.14745087261234024,0.022930710575754226,0.0
scene0568_02,2,170,6006,0.2553888208661978,0.13560688179215655,0.4337601329093982
scene0568_02,3,174,6006,0.24724832959050708,0.14178185684705355,0.42760668335565
scene0615_00,2,554,13012,0.3117128114076458,0.4158668515950069,0.08731404180528529
scene0615_00,2,554,5021,0.30140022161781,0.23903257127725308,0.3680574296971987
scene0615_00,2,554,8001,0.14698063045955184,0.1736350221347762,0.0
scene0615_00,3,555,13012,0.32343440068007934,0.43228755219501186,0.08953558792592356
scene0615_00,3,555,5021,0.3050430504305043,0.21727748691099477,0.36686358462955937
scene0615_00,3,555,8001,0.11668504226387358,0.1543859649122807,0.0
scene0695_00,2,1517,20017,0.3176547801356377,0.031861669446151146,0.4320250284414107
scene0695_00,3,1521,20017,0.035002215330084185,0.014684014869888476,0.07763354967548677
