scene,view,frame_id,key,g0plus_iou1,recipe_v1_iou1,recipe_v2_iou1,recipe_v2_pure4_iou1
scene0059_00,2,511,20034,0.0,0.025210084033613446,0.0018617021276595746,0.0
scene0059_00,2,511,5010,0.0660548379786993,0.19795546398288297,0.17629442824493655,0.19303884026258206
scene0059_00,2,511,5011,0.0,0.1715606307775965,0.20075164422173505,0.18717033819422899
scene0059_00,2,511,5016,0.0,0.0,0.000569620253164557,0.009380545930871292
scene0059_00,2,511,5019,0.24391640423704553,0.007853536641338161,0.010554089709762533,0.0
scene0059_00,2,511,6001,0.21848462362931817,0.27684636958554065,0.26786606696651677,0.3781906174381391
scene0059_00,2,511,7007,0.21799333043352181,0.3126442194490228,0.32139710835881224,0.3502914679385268
scene0059_00,2,511,8032,0.18942849476790985,0.3174672489082969,0.0,0.0
scene0059_00,2,511,8033,0.09516672911202698,0.0953995157384988,0.0,0.0
scene0059_00,3,516,20031,0.13982011447260834,0.0765375854214123,0.023217922606924644,0.02779864763335838
scene0059_00,3,516,20034,0.056903559551668925,0.6834170854271356,0.13537735849056604,0.48700939745715865
scene0059_00,3,516,5010,0.0,0.14642337400649277,0.10172800937225422,0.20070139548476656
scene0059_00,3,516,5011,0.0,0.1666935700834006,0.19461633663366337,0.18270336579007898
scene0059_00,3,516,5016,0.0,0.0,0.0006297229219143577,0.00033313900224868825
scene0059_00,3,516,5019,0.21846571622539035,0.007436260623229462,0.004560755782386796,0.0
scene0059_00,3,516,6001,0.08619880689054227,0.20340060384554268,0.2854307264787614,0.45688809629959876
scene0059_00,3,516,7007,0.17385377942998761,0.29045768566493957,0.3057863008496701,0.4099134539732494
scene0059_00,3,516,8032,0.19480209823557462,0.294478527607362,0.0,0.0
scene0059_00,3,516,8033,0.07147456535737283,0.07759353741496598,0.0,0.0
scene0072_02,2,752,20031,0.3097064709806538,0.2860314412576503,0.43580791375719713,0.4683711122825514
scene0072_02,2,752,8022,0.17730966992867805,0.447435147259606,0.40026515608051105,0.12366521505697071
scene0072_02,3,760,20031,0.3047154248006599,0.29817444219066935,0.422981750695948,0.4232593596476368
scene0072_02,3,760,8022,0.21627573001436093,0.37547892720306514,0.43952324896998235,0.042210407604317705
scene0132_01,2,465,5015,0.0,0.4345185185185185,0.09465699208443272,0.017830993194934964
scene0132_01,2,465,5016,0.23049127927176707,0.44031456953642384,0.27538403896590485,0.3437571071184899
scene0132_01,2,465,5017,0.0,0.0132595531426185,0.05311585110832288,0.03178178178178178
scene0132_01,2,465,6013,0.12056737588652482,0.36456650511577815,0.0,0.0
scene0132_01,2,465,7012,0.267303428279038,0.3864701064701065,0.2546269426710518,0.2043754410726888
scene0132_01,3,470,5015,0.0,0.22308102345415778,0.08934948533015895,0.006591431139518626
scene0132_01,3,470,5016,0.24709825077652445,0.3084605105844293,0.16863543788187374,0.20456852791878172
scene0132_01,3,470,5017,0.03586614901090775,0.11245703061057456,0.26415758002110445,0.24536532170119957
scene0132_01,3,470,6013,0.01334668001334668,0.15504220346512662,0.0,0.0
scene0132_01,3,470,7012,0.2743849602531741,0.4112455516014235,0.2998600796469702,0.24799123447772095
scene0472_01,2,105,4004,0.5637488947833775,0.36416924664602685,0.37484438911613016,0.44899127830147123
scene0472_01,3,120,4004,0.5401344883988611,0.3450463208827521,0.42086891479149785,0.5132368404775159
scene0559_01,2,242,20009,0.09356879283078545,0.09637898175878029,0.21035391298155665,0.26731858892341437
scene0559_01,2,242,6002,0.5526607246453246,0.6117046224399395,0.6732926696438296,0.3677134397903218
scene0559_01,2,242,6003,0.13199413742564015,0.6127068670344303,0.30532403469977887,0.30811573747353566
scene0559_01,2,242,7015,0.07495898277276457,0.009172724125995154,0.0,0.009452660466534533
scene0559_01,2,242,8013,0.2880366342301088,0.5328693851728302,0.020072467935814114,0.09017553252514436
scene0559_01,3,260,20009,0.23296137339055795,0.10009604097748373,0.22648145940145464,0.2852530409971467
scene0559_01,3,260,6002,0.4806740052010972,0.5149044062221613,0.5830537820582188,0.4417402541460263
scene0559_01,3,260,6003,0.21514368253002888,0.653874758292429,0.40053174851423207,0.3940286517606105
scene0559_01,3,260,7015,0.11056290648127383,0.015030467163168585,0.0,0.022901913515142383
scene0559_01,3,260,8013,0.14745087261234024,0.5216716417910447,0.0,0.022930710575754226
scene0568_02,2,170,6006,0.2553888208661978,0.2390628866829818,0.29558998808104886,0.13560688179215655
scene0568_02,3,174,6006,0.24724832959050708,0.22715641766405284,0.2872144011077775,0.14178185684705355
scene0615_00,2,554,13012,0.3117128114076458,0.3021934669401925,0.05777477629579605,0.4158668515950069
scene0615_00,2,554,5021,0.30140022161781,0.14346519779669503,0.22731316725978648,0.23903257127725308
scene0615_00,2,554,8001,0.14698063045955184,0.3272373540856031,0.1773918964930201,0.1736350221347762
scene0615_00,3,555,13012,0.32343440068007934,0.3097664543524416,0.06093177694861877,0.43228755219501186
scene0615_00,3,555,5021,0.3050430504305043,0.1318126148193509,0.20727664511851485,0.21727748691099477
scene0615_00,3,555,8001,0.11668504226387358,0.28736542115262825,0.15824915824915825,0.1543859649122807
scene0695_00,2,1517,20017,0.3176547801356377,0.5317589576547231,0.5784548422198041,0.031861669446151146
scene0695_00,3,1521,20017,0.035002215330084185,0.12410215482841182,0.1041890440386681,0.014684014869888476
