delta,group,gt_area,iou1,iou2,iou3,key,scene,top1_area_over_gt,union3_area_over_gt,union3_intrusion_other_gt_fraction,variant,view
0.0,unseen,5909,0.0660548379786993,0.060345719904771764,0.04794013650193241,5010,scene0059_00,0.5923168048739211,1.1567101032323575,0.5281638624725676,g0plus_step6000,2
0.0,unseen,3767,0.0,0.0,0.0,5011,scene0059_00,0.22166179984072207,1.8144411998938148,0.6134601316752012,g0plus_step6000,2
0.0,unseen,406,0.0,0.0,0.0,5016,scene0059_00,2.0566502463054186,16.834975369458128,0.6134601316752012,g0plus_step6000,2
0.0,unseen,1985,0.24391640423704553,0.21787495205216725,0.15051673880399258,5019,scene0059_00,3.3778337531486144,5.561712846347607,0.5919384057971014,g0plus_step6000,2
0.0,unseen,11279,0.21848462362931817,0.21706511393538996,0.2161681307683754,6001,scene0059_00,0.3103111978012235,0.9393563259154181,0.05502595563945257,g0plus_step6000,2
0.0,unseen,10096,0.21799333043352181,0.2055506186342197,0.16586684317943626,7007,scene0059_00,0.6641244057052298,1.0935023771790808,0.47391304347826085,g0plus_step6000,2
0.0,unseen,1933,0.18942849476790985,0.09874716385518398,0.09123222748815166,8032,scene0059_00,1.2933264355923435,5.193998965338851,0.4945219123505976,g0plus_step6000,2
0.0,unseen,423,0.09516672911202698,0.07248858447488585,0.03626499143346659,8033,scene0059_00,5.91016548463357,16.15839243498818,0.5762984637893197,g0plus_step6000,2
0.0,unseen,7,0.0,0.0,0.0,20034,scene0059_00,119.28571428571429,976.4285714285714,0.6134601316752012,g0plus_step6000,2
0.0,unseen,4668,0.0,0.0,0.0,5010,scene0059_00,0.13817480719794345,0.7958440445586975,0.4215343203230148,g0plus_step6000,3
0.0,unseen,3660,0.0,0.0,0.0,5011,scene0059_00,0.1762295081967213,1.0150273224043715,0.4215343203230148,g0plus_step6000,3
0.0,unseen,245,0.0,0.0,0.0,5016,scene0059_00,2.63265306122449,15.16326530612245,0.4215343203230148,g0plus_step6000,3
0.0,unseen,1892,0.21846571622539035,0.20087390761548066,0.14704807165052092,5019,scene0059_00,3.7431289640591965,5.633720930232558,0.48334740594802517,g0plus_step6000,3
0.03414693779030879,unseen,9573,0.08619880689054227,0.12034574468085106,0.11947281713344317,6001,scene0059_00,0.6927817820954769,0.7745743236185104,0.0,g0plus_step6000,3
0.012903136402855231,unseen,11864,0.17385377942998761,0.18675691583284285,0.1799262829600227,7007,scene0059_00,0.5969318948078219,0.7538772757923129,0.36024150268336314,g0plus_step6000,3
0.0,unseen,2079,0.19480209823557462,0.10387950707439525,0.09810344827586207,8032,scene0059_00,1.4102934102934104,5.126984126984127,0.5275354160803077,g0plus_step6000,3
0.0,unseen,396,0.07147456535737283,0.059184217541988805,0.05708408331190538,8033,scene0059_00,7.404040404040404,9.381313131313131,0.3617765814266487,g0plus_step6000,3
0.0,unseen,177,0.13982011447260834,0.09154175588865096,0.035625,20031,scene0059_00,6.875706214689266,27.084745762711865,0.4307467667918231,g0plus_step6000,3
0.00798069216010154,unseen,1499,0.056903559551668925,0.06488425171177047,0.060633759902498474,20034,scene0059_00,4.724482988659106,5.9666444296197465,0.6482558139534884,g0plus_step6000,3
0.0,unseen,4943,0.17730966992867805,0.10392766867587011,0.10392766867587011,8022,scene0072_02,1.871940117337649,3.5943758850900265,0.31355884504981146,g0plus_step6000,2
0.0,unseen,15045,0.3097064709806538,0.204507910869645,0.204507910869645,20031,scene0072_02,0.5659022931206381,1.1809238949817216,0.12033545336860471,g0plus_step6000,2
0.0,unseen,3211,0.21627573001436093,0.20480507706255666,0.12161507402422611,8022,scene0072_02,2.9563998754282155,5.488321395203986,0.2515462747545821,g0plus_step6000,3
0.0,unseen,11436,0.3047154248006599,0.2929359677525937,0.18001299439616666,20031,scene0072_02,0.6597586568730325,1.5410108429520812,0.12818475855416217,g0plus_step6000,3
0.0,unseen,5335,0.0,0.0,0.0,5015,scene0132_01,1.780693533270853,4.227366447985005,0.7132532257349354,g0plus_step6000,2
0.00848965226933951,unseen,7821,0.23049127927176707,0.23898093154110658,0.1598592040147766,5016,scene0132_01,1.2641605932745172,3.255338192047053,0.5239984289080911,g0plus_step6000,2
0.0,unseen,127,0.0,0.0,0.0,5017,scene0132_01,74.80314960629921,177.58267716535434,0.7132532257349354,g0plus_step6000,2
0.0,unseen,3606,0.12056737588652482,0.059679089026915114,0.04000693962526024,6013,scene0132_01,1.9356627842484748,7.31198003327787,0.8527705085902834,g0plus_step6000,2
0.28271091892325756,unseen,27651,0.267303428279038,0.4491035660340185,0.5500143472022956,7012,scene0132_01,0.3435680445553506,0.9535640663990452,0.1695300944362271,g0plus_step6000,2
0.0,unseen,3403,0.0,0.0,0.0,5015,scene0132_01,2.864825154275639,7.231266529532765,0.5409216514954487,g0plus_step6000,3
0.0,unseen,6387,0.24709825077652445,0.16948678506502587,0.11653099160310236,5016,scene0132_01,1.3887584155315484,4.454516987631126,0.458964535517205,g0plus_step6000,3
0.0,unseen,1374,0.03586614901090775,0.018865172363494918,0.015159803078846604,5017,scene0132_01,7.155749636098981,17.909752547307132,0.5251544213263979,g0plus_step6000,3
0.0,unseen,1047,0.01334668001334668,0.005081623578733405,0.0031280547409579668,6013,scene0132_01,4.801337153772684,23.50334288443171,0.5376706762028609,g0plus_step6000,3
0.310780787438316,unseen,24077,0.2743849602531741,0.4593772302144762,0.5851657476914901,7012,scene0132_01,0.4049092494912157,0.9820990987249242,0.1312272688826863,g0plus_step6000,3
0.002564102564102555,unseen,22277,0.5637488947833775,0.5663129973474801,0.5454970461983085,4004,scene0472_01,0.5878260088880909,0.6323562418638057,0.0,g0plus_step6000,2
0.08332828497001266,unseen,31642,0.5401344883988611,0.6234627733688738,0.6075374959483749,4004,scene0472_01,0.6069148599962075,0.7241324821439858,0.0,g0plus_step6000,3
0.0,unseen,17059,0.5526607246453246,0.4722211787686413,0.4231578947368421,6002,scene0559_01,0.7257752506008559,1.5361392813177794,0.12318259874069834,g0plus_step6000,2
0.01768483528704043,unseen,3378,0.13199413742564015,0.14967897271268057,0.10611664295874822,6003,scene0559_01,2.886915334517466,4.754884547069271,0.54028140953804,g0plus_step6000,2
0.0,unseen,731,0.07495898277276457,0.049169301136745815,0.02682765707574868,7015,scene0559_01,13.340629274965801,37.2749658002736,0.7213740458015268,g0plus_step6000,2
0.0,unseen,17387,0.2880366342301088,0.2595506683097924,0.1635652199886496,8013,scene0559_01,0.29418531086443894,1.2404670155863575,0.5019473293768546,g0plus_step6000,2
0.0,unseen,2954,0.09356879283078545,0.06293011163786512,0.03452076362920685,20009,scene0559_01,0.4045362220717671,7.897088693297224,0.6501628943758574,g0plus_step6000,2
0.0,unseen,27443,0.4806740052010972,0.46138258452987496,0.43673995328984455,6002,scene0559_01,0.5145574463433298,0.9502241008636082,0.08992598841891322,g0plus_step6000,3
0.0,unseen,4609,0.21514368253002888,0.18958846289131198,0.16067489417516245,6003,scene0559_01,0.7339986981991755,3.223909741809503,0.39975772259236825,g0plus_step6000,3
0.0,unseen,986,0.11056290648127383,0.08591843848030672,0.038520139078798296,7015,scene0559_01,9.044624746450305,25.960446247464503,0.7176622260421143,g0plus_step6000,3
0.0,unseen,5792,0.14745087261234024,0.05014487335264978,0.04391062366999509,8013,scene0559_01,0.4416436464088398,3.4041781767955803,0.7011208601714257,g0plus_step6000,3
0.0,unseen,3799,0.23296137339055795,0.09792689579923622,0.08338172105446522,20009,scene0559_01,0.8904974993419321,3.9112924453803632,0.484487515983579,g0plus_step6000,3
0.2715962179076605,unseen,34911,0.2553888208661978,0.4034852186988159,0.5269850387738583,6006,scene0568_02,0.262868436882358,0.6751740139211136,0.0,g0plus_step6000,2
0.26696980043289303,unseen,34354,0.24724832959050708,0.4026224654347424,0.5142181300234001,6006,scene0568_02,0.30951272049834083,0.7329277522268149,0.0,g0plus_step6000,3
0.0,unseen,8561,0.30140022161781,0.24647407329733131,0.23686199425605886,5021,scene0615_00,0.5090526807615933,1.8674220301366662,0.32232438856570966,g0plus_step6000,2
0.0,unseen,1682,0.14698063045955184,0.12814569536423842,0.045812370523823615,8001,scene0615_00,2.590963139120095,9.504756242568371,0.5679614686933133,g0plus_step6000,2
0.0774714810024531,unseen,17859,0.3117128114076458,0.3731937422873293,0.3891842924100989,13012,scene0615_00,0.32375832913377006,0.9749146088806764,0.09815633794727471,g0plus_step6000,2
0.0,unseen,8470,0.3050430504305043,0.2488530295839266,0.24431788765208387,5021,scene0615_00,0.5031877213695396,1.8375442739079102,0.3117450526856849,g0plus_step6000,3
0.0,unseen,1815,0.11668504226387358,0.10987594651200258,0.10397926513187986,8001,scene0615_00,2.3482093663911847,2.989531680440771,0.6059712495392554,g0plus_step6000,3
0.0705878850112196,unseen,17432,0.32343440068007934,0.38930741190765494,0.39402228569129893,13012,scene0615_00,0.33960532354290957,0.9879531895364846,0.10120775751945187,g0plus_step6000,3
0.0,unseen,4571,0.3176547801356377,0.27939638428208574,0.13610911701363962,20017,scene0695_00,0.3176547801356377,2.462262087070663,0.0,g0plus_step6000,2
0.0,unseen,622,0.035002215330084185,0.00803090373081224,0.006578947368421052,20017,scene0695_00,2.7556270096463025,18.432475884244372,0.0,g0plus_step6000,3
0.0,training,94,0.08995215311004785,0.026308424293310942,0.012119649303764827,8059,scene0000_02,11.117021276595745,82.51063829787235,0.0,g0plus_step6000,2
0.0,training,256,0.0,0.0,0.0,8059,scene0000_02,27.68359375,42.359375,0.0,g0plus_step6000,3
0.0,training,501,0.0,0.0,0.0,8049,scene0016_01,9.738522954091817,21.780439121756487,0.012096774193548387,g0plus_step6000,2
0.0,training,132,0.027054724328755893,0.02126631222812953,0.012096774193548387,14030,scene0016_01,36.96212121212121,82.66666666666667,0.0,g0plus_step6000,2
0.0,training,264,0.0,0.0,0.0,8049,scene0016_01,17.359848484848484,40.253787878787875,0.007339794862143596,g0plus_step6000,3
0.0,training,78,0.0170194195941523,0.013193504736129905,0.007339794862143596,14030,scene0016_01,58.756410256410255,136.24358974358975,0.0,g0plus_step6000,3
0.0,training,10749,0.010001852194850898,0.009419152276295133,0.009419152276295133,8006,scene0007_00,0.5219090147920736,0.615126988557075,0.11448880822746521,g0plus_step6000,3
0.0,training,9352,0.05136673459349308,0.049779706714013286,0.049779706714013286,8024,scene0007_00,0.5998716852010265,0.7070145423438836,0.024500907441016333,g0plus_step6000,3
0.0,training,1293,0.0,0.0,0.0,5002,scene0012_01,4.276875483372003,11.464037122969838,0.45658773527625984,g0plus_step6000,2
0.0,training,4193,0.01965665236051502,0.013329452852153667,0.013038032338874971,8001,scene0012_01,1.8330550918196995,3.2435010732172667,0.9170588235294118,g0plus_step6000,2
0.0,training,7755,0.6326707000864304,0.6080122902387143,0.36771012006861065,8017,scene0012_01,0.7050934880722115,1.4676982591876209,0.4858548585485855,g0plus_step6000,2
0.25922280035625556,training,20535,0.3228800450007031,0.5821028453569587,0.4697674418604651,8019,scene0012_01,0.37428780131482836,1.0774287801314828,0.01184180790960452,g0plus_step6000,2
0.0,training,332,0.0041327489041953665,0.00244173140954495,0.0023742715303259228,8020,scene0012_01,23.150602409638555,40.963855421686745,0.9314705882352942,g0plus_step6000,2
0.0,training,4838,0.008692120227457351,0.005074456985677701,0.004870721048798252,8001,scene0012_01,1.5665564282761473,3.562835882596114,0.9122237048210246,g0plus_step6000,3
0.0,training,1497,0.5227272727272727,0.12698412698412698,0.11800545133878468,8017,scene0012_01,1.8643954575818302,8.315965263861056,0.7049562213832437,g0plus_step6000,3
0.23474327107230103,training,27870,0.31489056332974524,0.5496338344020463,0.4956152446086813,8019,scene0012_01,0.31489056332974524,0.9459634015069968,0.005499924138977394,g0plus_step6000,3
0.0,training,433,0.004765487835465262,0.0022686567164179106,0.0021551724137931034,8020,scene0012_01,17.503464203233257,39.80831408775982,0.9162267215872831,g0plus_step6000,3
0.0,training,323,0.023681377825618945,0.02217741935483871,0.00782416957109325,18009,scene0009_00,13.721362229102168,42.86687306501548,0.42524916943521596,g0plus_step6000,2
0.0,training,12236,0.35554990787216467,0.3268778791012504,0.28511843865585895,20017,scene0009_00,0.7436253677672442,1.669172932330827,0.005385820603211908,g0plus_step6000,2
0.0,training,1504,0.034564254062038405,0.02656675749318801,0.013185327097537612,18009,scene0009_00,3.6569148936170213,10.955452127659575,0.2640043697274989,g0plus_step6000,3
0.019962093661921615,training,12316,0.17419099716601857,0.1941530908279402,0.1758648375047998,20017,scene0009_00,0.4465735628450796,1.735060084443001,0.010950442229397726,g0plus_step6000,3
0.010591944454284602,training,16505,0.21357469269191257,0.22416663714619717,0.21209988268811797,5010,scene0001_01,1.0756134504695547,1.1910330202968797,0.4168277546037237,g0plus_step6000,2
0.0,training,5775,0.15248591721773205,0.14683153013910355,0.13782834453268172,5018,scene0001_01,3.074112554112554,4.160519480519481,0.46859782744412537,g0plus_step6000,2
0.10930925360141366,training,12691,0.13669118470671696,0.20031755409497082,0.24600043830813062,6002,scene0001_01,1.3988653376408478,1.6879678512331573,0.43189244701708523,g0plus_step6000,2
0.0,training,915,0.045624222314392365,0.005455266812140448,0.004948935978764566,7006,scene0001_01,1.7551912568306012,23.4120218579235,0.7411539538791896,g0plus_step6000,2
0.0,training,149,0.031919451585261355,0.023748804590372968,0.006201356806925542,7007,scene0001_01,31.328859060402685,161.25503355704697,0.6126441087110335,g0plus_step6000,2
0.0505699776270464,training,16394,0.22262864448311376,0.27319862211016016,0.27078493488208377,5010,scene0001_01,1.1000365987556424,1.2022081249237526,0.3637424526865899,g0plus_step6000,3
0.0,training,6389,0.1534973787370708,0.13877398919321782,0.13748800118142213,5018,scene0001_01,2.822663953670371,3.8223509156362496,0.4370418901764874,g0plus_step6000,3
0.06551037822400907,training,11064,0.1442390876917027,0.2,0.20974946591571178,6002,scene0001_01,1.6299710773680405,1.8149855386840203,0.474030177779991,g0plus_step6000,3
0.0,training,724,0.07607843137254902,0.07319649864171446,0.019667477696674776,7007,scene0001_01,8.475138121546962,33.73066298342541,0.5696736415380206,g0plus_step6000,3
0.03483880972737155,unseen,5909,0.23243456012595945,0.267273369853331,0.18430293807795856,5010,scene0059_00,1.119478761211711,2.42443729903537,0.5270836241798129,g0_step6000,2
0.0,unseen,3767,0.20508239031169348,0.19783505771185933,0.14638892574410686,5011,scene0059_00,3.834085479161136,5.881072471462702,0.6756793355601697,g0_step6000,2
0.0,unseen,406,0.0,0.0,0.0,5016,scene0059_00,5.802955665024631,25.43103448275862,0.7353026634382567,g0_step6000,2
0.0,unseen,1985,0.20856887831002677,0.1473263811848236,0.05936912292699607,5019,scene0059_00,1.0463476070528968,11.486146095717885,0.594078947368421,g0_step6000,2
0.04210496886033782,unseen,11279,0.3988594704684318,0.4409644393287696,0.3394954230855102,6001,scene0059_00,0.5223867364128025,1.6596329461831723,0.1361718040493616,g0_step6000,2
0.0213412604785721,unseen,10096,0.5940626218007016,0.6154038822792737,0.4536030457318472,7007,scene0059_00,1.430566561014263,2.138866877971474,0.3797814207650273,g0_step6000,2
0.03601935941024659,unseen,1933,0.29689521345407505,0.33291457286432163,0.15446412269490598,8032,scene0059_00,1.074495602690119,5.54216244180031,0.1687669186969103,g0_step6000,2
0.0,unseen,423,0.08512299882858258,0.02943181818181818,0.017628641437517016,8033,scene0059_00,5.569739952718676,34.3451536643026,0.461522577092511,g0_step6000,2
0.0,unseen,7,0.0,0.0,0.0,20034,scene0059_00,336.57142857142856,1475.0,0.7353026634382567,g0_step6000,2
0.054825341409026424,unseen,4668,0.1717439293598234,0.22656927076884983,0.13519419186579262,5010,scene0059_00,0.705655526992288,2.4500856898029135,0.5469091544985573,g0_step6000,3
0.0,unseen,3660,0.19676585592153223,0.18860300671459979,0.1405127758673225,5011,scene0059_00,3.933879781420765,6.158743169398907,0.6806264140898807,g0_step6000,3
0.0,unseen,245,0.0036663611365719525,0.0017726567693330379,0.000746895714685837,5016,scene0059_00,7.938775510204081,42.751020408163264,0.6754821462669467,g0_step6000,3
0.0,unseen,1892,0.11231761112996268,0.10770161638862477,0.04988425925925926,5019,scene0059_00,2.4651162790697674,13.383192389006343,0.5694482840330161,g0_step6000,3
0.0,unseen,9573,0.48112321562734783,0.44969964261272904,0.31930190153685856,6001,scene0059_00,0.6474459417110624,1.6453567324767575,0.1350390451399911,g0_step6000,3
0.05329300223256506,unseen,11864,0.5512108682811577,0.6045038705137228,0.4570069520673253,7007,scene0059_00,1.2135873229939311,2.020734996628456,0.3457078501710186,g0_step6000,3
0.05181211487291987,unseen,2079,0.1888222849083216,0.24063439978124146,0.13923768482056617,8032,scene0059_00,2.2433862433862433,6.375180375180375,0.1773804134600875,g0_step6000,3
0.0,unseen,396,0.07025117739403454,0.025681999771715557,0.01504111237382178,8033,scene0059_00,5.886363636363637,37.343434343434346,0.4693670543684068,g0_step6000,3
0.0,unseen,177,0.0012409513960703205,0.0008372871895060006,0.0004489673750374139,20031,scene0059_00,26.350282485875706,74.53672316384181,0.6517850375198969,g0_step6000,3
0.0,unseen,1499,0.1197311046511628,0.08410976388002553,0.04696073540939215,20034,scene0059_00,3.1114076050700468,8.801200800533689,0.6022890927006747,g0_step6000,3
0.0,unseen,4943,0.27296710117939166,0.2014775786037455,0.1310925622298405,8022,scene0072_02,2.319037022051386,5.1408051790410685,0.35870292393058123,g0_step6000,2
0.0,unseen,15045,0.5955570075138844,0.5596420539730135,0.46089439364123935,20031,scene0072_02,0.6231306081754736,1.5165835825855767,0.0,g0_step6000,2
0.0,unseen,3211,0.22181818181818183,0.13944023193577162,0.09632197188523012,8022,scene0072_02,3.2902522578635938,7.865151043288695,0.3053652742031281,g0_step6000,3
0.0,unseen,11436,0.6561728920275675,0.5517510160904181,0.4024855819998375,20031,scene0072_02,0.7020811472542847,2.019587268275621,0.0,g0_step6000,3
0.0,unseen,5335,0.25473289597000937,0.18418210517570824,0.164190623191202,5015,scene0132_01,0.25473289597000937,2.3930646672914713,0.39273126028041044,g0_step6000,2
0.0,unseen,7821,0.3104017975151996,0.23855040572135883,0.24194322545255073,5016,scene0132_01,1.5353535353535352,3.6317606444188724,0.40466131530770316,g0_step6000,2
0.0,unseen,127,0.26436781609195403,0.008822401227464518,0.008540660972892685,5017,scene0132_01,1.5984251968503937,63.15748031496063,0.7590076050367784,g0_step6000,2
0.0,unseen,3606,0.49145299145299143,0.24065073579046847,0.23739761603516016,6013,scene0132_01,2.000277315585136,4.153078202995008,0.6370192307692307,g0_step6000,2
0.15930997798156626,unseen,27651,0.1860458161373288,0.3063770922672569,0.34535579411889505,7012,scene0132_01,0.4342700083179632,1.2932986148783046,0.21800285226923186,g0_step6000,2
0.0,unseen,3403,0.0695910290237467,0.060448114804034385,0.06613416367697827,5015,scene0132_01,1.8589479870702321,3.6282691742580075,0.3624362193245323,g0_step6000,3
0.0,unseen,6387,0.2843691148775895,0.22775867930943297,0.1838277891270543,5016,scene0132_01,1.66948489118522,5.078910286519493,0.46989734578747805,g0_step6000,3
0.0,unseen,1374,0.6283551273227804,0.11925560197493354,0.06622144112478032,5017,scene0132_01,0.7219796215429404,10.038573508005822,0.36627274704560286,g0_step6000,3
0.0,unseen,1047,0.2532043530834341,0.10008603383997705,0.09141709595739107,6013,scene0132_01,3.9493791786055397,10.938872970391595,0.7874792630751768,g0_step6000,3
0.21687250254149426,unseen,24077,0.2238427393785669,0.35562671244181826,0.4407152419200612,7012,scene0132_01,0.44287078955019316,0.8773518295468704,0.25823707631130466,g0_step6000,3
0.20898169074249529,unseen,22277,0.39918157456362713,0.5466495259521131,0.6081632653061224,4004,scene0472_01,0.734389729317233,1.2461731831036496,0.0,g0_step6000,2
0.28950256243097866,unseen,31642,0.2518555430249941,0.42151643106297043,0.5413581054559727,4004,scene0472_01,0.50850135895329,0.8615447822514379,0.0,g0_step6000,3
0.0,unseen,17059,0.3814806110458284,0.3229021085252476,0.31611441075336044,6002,scene0559_01,0.7229028665220705,1.9616624655607011,0.22543628974420274,g0_step6000,2
0.0,unseen,3378,0.29566744730679156,0.13589452372722335,0.12869435091657314,6003,scene0559_01,1.6204854943753702,6.1450562462995855,0.3033529241738125,g0_step6000,2
0.0,unseen,731,0.10232723396695684,0.08518189884649512,0.0301665444642296,7015,scene0559_01,7.488372093023256,25.908344733242135,0.7501452030202228,g0_step6000,2
0.16015302174733717,unseen,17387,0.18559843561281417,0.2718990078369301,0.34575145736015134,8013,scene0559_01,0.18559843561281417,1.004888709955714,0.46451465201465203,g0_step6000,2
0.0,unseen,2954,0.20874849833933998,0.19327401203873332,0.10696697566628041,20009,scene0559_01,4.790453622207177,9.348679756262694,0.5495365005793743,g0_step6000,2
0.0,unseen,27443,0.41293670974258945,0.4011087803416242,0.4045443150482007,6002,scene0559_01,0.47811828152898733,1.2457457275079256,0.17512504753268787,g0_step6000,3
0.0,unseen,4609,0.22851365015166836,0.13328767709626332,0.13234169145771355,6003,scene0559_01,1.3725320026036016,4.780863527880235,0.4084864987519855,g0_step6000,3
0.0,unseen,986,0.12181650813132863,0.118773373223635,0.04008886196102191,7015,scene0559_01,6.415821501014198,19.892494929006084,0.7811767105128989,g0_step6000,3
0.09162187205483269,unseen,5792,0.2720269619643717,0.3636488340192044,0.1985863520607037,8013,scene0559_01,0.368439226519337,2.981698895027624,0.7078170237405906,g0_step6000,3
0.0,unseen,3799,0.23948987439118175,0.23695390273286412,0.12934376297937145,20009,scene0559_01,4.091076599105028,7.588839168202158,0.6351716961498439,g0_step6000,3
0.24321691323546268,unseen,34911,0.23232829980434455,0.3905230769230769,0.47554521303980724,6006,scene0568_02,0.40723554180630744,1.0523903640686316,0.0,g0_step6000,2
0.26262818132950766,unseen,34354,0.22014764453689845,0.38450191759268365,0.4827758258664061,6006,scene0568_02,0.4000407521685975,1.0761192292018398,0.0,g0_step6000,3
0.0,unseen,8561,0.3691860465116279,0.22371505345606313,0.22539030168108,5021,scene0615_00,1.3107113654946851,4.015068333138652,0.11162831292002444,g0_step6000,2
0.0,unseen,1682,0.08050603795284646,0.0220370978332239,0.020105043203252952,8001,scene0615_00,0.11712247324613555,20.478002378121285,0.32165253745209615,g0_step6000,2
0.1334406152898977,unseen,17859,0.22227769456925722,0.3555858310626703,0.3557183098591549,13012,scene0615_00,0.23377568732851783,1.0211657987569294,0.3020781926852004,g0_step6000,2
0.0,unseen,8470,0.3633275563258232,0.22183484123782632,0.22285171977453122,5021,scene0615_00,1.3218417945690673,4.020188902007084,0.11177351619629379,g0_step6000,3
0.0,unseen,1815,0.11495246326707001,0.02701496775240336,0.026406107725712686,8001,scene0615_00,0.4214876033057851,15.147658402203858,0.10024369839595533,g0_step6000,3
0.11093750782923259,unseen,17432,0.2275412049277156,0.27099853722380474,0.3384787127569482,13012,scene0615_00,0.2518357044515833,0.9946649839375861,0.30826460580194937,g0_step6000,3
0.0,unseen,4571,0.6199829205807003,0.30438661710037174,0.18908184001477923,20017,scene0695_00,0.6600306278713629,4.632465543644717,0.0,g0_step6000,2
0.0,unseen,622,0.49770431588613406,0.06006760019314341,0.0354618015963512,20017,scene0695_00,1.6221864951768488,28.19935691318328,0.0,g0_step6000,3
0.0,training,94,0.02050034746351633,0.012127410870835768,0.009140969162995595,8059,scene0000_02,30.24468085106383,96.47872340425532,0.0,g0_step6000,2
0.0,training,256,0.041727791361043196,0.012149399648806417,0.010521124445175079,8059,scene0000_02,23.96484375,95.046875,0.0,g0_step6000,3
0.0,training,501,0.02895130202187082,0.025081788440567066,0.018549322042441654,8049,scene0016_01,25.105788423153694,39.333333333333336,0.0,g0_step6000,2
0.0,training,132,0.03257650542941757,0.021952436387826377,0.011806797853309481,14030,scene0016_01,30.696969696969695,84.6969696969697,0.0,g0_step6000,2
0.0,training,264,0.018619212390838687,0.016469902346596708,0.012160344363734194,8049,scene0016_01,45.833333333333336,70.25378787878788,0.0,g0_step6000,3
0.0,training,78,0.020695144600689837,0.014571268447599477,0.007635082223962412,14030,scene0016_01,48.32051282051282,130.97435897435898,0.0,g0_step6000,3
0.0,training,10749,0.18858396456806986,0.18858396456806986,0.18858396456806986,8006,scene0007_00,1.6714112940738672,1.6714112940738672,0.22247578759879774,g0_step6000,3
0.0,training,9352,0.17139059217014707,0.17139059217014707,0.17139059217014707,8024,scene0007_00,1.9210863986313087,1.9210863986313087,0.2535901146610264,g0_step6000,3
0.0,training,1293,0.42560895325872283,0.23931149361465853,0.07305910272347158,5002,scene0012_01,2.3495746326372777,13.68754833720031,0.5769013447847214,g0_step6000,2
0.017207249200824018,training,4193,0.11348937480751463,0.13069662400833865,0.11495365182846083,8001,scene0012_01,0.7245409015025042,4.220844264249941,0.5224319132105323,g0_step6000,2
0.0974643454819798,training,7755,0.13687272727272728,0.19636363636363635,0.23433707275470708,8017,scene0012_01,1.0157317859445518,1.4261766602192134,0.0,g0_step6000,2
0.18623946861958607,training,20535,0.2750009709114917,0.4203600414147824,0.4612404395310778,8019,scene0012_01,0.5987338690041393,1.1305575846116387,0.07964334941419711,g0_step6000,2
0.0,training,332,0.03391752577319588,0.0272689598010775,0.013505747126436781,8020,scene0012_01,29.207831325301203,73.3644578313253,0.6149361579833312,g0_step6000,2
0.0,training,4838,0.3498233215547703,0.17265038149878748,0.1508293287862347,8001,scene0012_01,0.4212484497726333,3.603555188094254,0.5220259263508088,g0_step6000,3
0.0,training,1497,0.12880143112701253,0.07596931086450198,0.06506688570758037,8017,scene0012_01,4.901135604542418,11.12625250501002,0.0,g0_step6000,3
0.20683823362468207,training,27870,0.28692581733345945,0.3949523605609678,0.4937640509581415,8019,scene0012_01,0.4646573376390384,1.0026193039110154,0.056150019682925954,g0_step6000,3
0.0,training,433,0.038223323305609624,0.03142275240034914,0.016180987339875646,8020,scene0012_01,26.099307159353348,61.65588914549654,0.5953477918867288,g0_step6000,3
0.0,training,323,0.0297045101088647,0.02511514730164248,0.02307938029068839,18009,scene0009_00,19.4984520123839,38.6625386996904,0.0,g0_step6000,2
0.038812081024081596,training,12236,0.22432,0.2631320810240816,0.22648487925157734,20017,scene0009_00,0.2507355344883949,1.7643020594965675,0.0,g0_step6000,2
0.0,training,1504,0.05556939945178171,0.04554628632938644,0.03803798179570738,18009,scene0009_00,7.449468085106383,11.283909574468085,0.23628542808320074,g0_step6000,3
0.02609123033431407,training,12316,0.23802565351518104,0.2641168838494951,0.20679998563888988,20017,scene0009_00,0.2382266969795388,1.7292140305293926,0.03141287505282434,g0_step6000,3
0.21976472648207002,training,16505,0.4114374939006539,0.6312022203827239,0.5076290073718498,5010,scene0001_01,0.7525598303544381,1.664041199636474,0.1973420717276534,g0_step6000,2
0.0,training,5775,0.3919115757004541,0.2849648191581286,0.21820501914079116,5018,scene0001_01,1.812987012987013,3.4633766233766234,0.5936203189840508,g0_step6000,2
0.0,training,12691,0.38567839195979897,0.3356257216003213,0.3288903090336422,6002,scene0001_01,0.3905917579386967,1.2939090694192734,0.055721332440168074,g0_step6000,2
0.0,training,915,0.10213193436767497,0.06575165277378557,0.05202706544606812,7006,scene0001_01,9.791256830601093,19.220765027322404,0.3802240291124126,g0_step6000,2
0.0,training,149,0.0002618486514794449,0.00011394712853236098,7.49063670411985e-05,7007,scene0001_01,24.63758389261745,88.60402684563758,0.7185274958339646,g0_step6000,2
0.2828618584886666,training,16394,0.36380090497737555,0.6466627634660421,0.511572720707088,5010,scene0001_01,0.654629742588752,1.680980846651214,0.21608970172000871,g0_step6000,3
0.0,training,6389,0.3814321398834305,0.2782886404933649,0.17634624714117403,5018,scene0001_01,1.5968070120519644,4.313351072155267,0.5711952971913782,g0_step6000,3
0.0,training,11064,0.4390860652036485,0.36870283170999163,0.34072670530539456,6002,scene0001_01,0.4402566883586406,1.1744396240057846,0.0,g0_step6000,3
0.00017730980958224896,training,724,0.01999008755988766,0.02016739736946991,0.01978881501759875,7007,scene0001_01,7.527624309392265,17.00828729281768,0.5271235991554328,g0_step6000,3
