context_visible,group,gt_area,key,oracle_iou,oracle_pred_area,scene,variant,view
True,unseen,5909,5010,0.5970348902017613,8418,scene0059_00,g0plus_step6000,2
True,unseen,3767,5011,0.3866875217240181,4212,scene0059_00,g0plus_step6000,2
True,unseen,406,5016,0.0,0,scene0059_00,g0plus_step6000,2
True,unseen,1985,5019,0.4808454425363276,3620,scene0059_00,g0plus_step6000,2
True,unseen,11279,6001,0.5204125279216767,20712,scene0059_00,g0plus_step6000,2
True,unseen,10096,7007,0.7355836849507735,13350,scene0059_00,g0plus_step6000,2
True,unseen,1933,8032,0.42451198418581665,3832,scene0059_00,g0plus_step6000,2
True,unseen,423,8033,0.07043286867204696,2495,scene0059_00,g0plus_step6000,2
True,unseen,7,20034,0.025974025974025976,230,scene0059_00,g0plus_step6000,2
True,unseen,4668,5010,0.6257158440141806,7255,scene0059_00,g0plus_step6000,3
True,unseen,3660,5011,0.38696109358569925,4254,scene0059_00,g0plus_step6000,3
True,unseen,245,5016,0.0,0,scene0059_00,g0plus_step6000,3
True,unseen,1892,5019,0.4726530612244898,3520,scene0059_00,g0plus_step6000,3
True,unseen,9573,6001,0.5096770625967706,17728,scene0059_00,g0plus_step6000,3
True,unseen,11864,7007,0.7152394952835968,16139,scene0059_00,g0plus_step6000,3
True,unseen,2079,8032,0.3470268242356031,5102,scene0059_00,g0plus_step6000,3
True,unseen,396,8033,0.07750397456279809,2315,scene0059_00,g0plus_step6000,3
True,unseen,177,20031,0.109375,817,scene0059_00,g0plus_step6000,3
True,unseen,1499,20034,0.6031746031746031,1329,scene0059_00,g0plus_step6000,3
True,unseen,4943,8022,0.2547019116813521,19407,scene0072_02,g0plus_step6000,2
True,unseen,15045,20031,0.5606901949092535,26833,scene0072_02,g0plus_step6000,2
True,unseen,3211,8022,0.18649088163549774,17218,scene0072_02,g0plus_step6000,3
True,unseen,11436,20031,0.4892615726876016,23374,scene0072_02,g0plus_step6000,3
True,unseen,5335,5015,0.7506353715054567,6375,scene0132_01,g0plus_step6000,2
True,unseen,7821,5016,0.3625534188034188,17686,scene0132_01,g0plus_step6000,2
True,unseen,127,5017,0.09090909090909091,209,scene0132_01,g0plus_step6000,2
True,unseen,3606,6013,0.674232048522794,4951,scene0132_01,g0plus_step6000,2
True,unseen,27651,7012,0.6884171420989784,35977,scene0132_01,g0plus_step6000,2
True,unseen,3403,5015,0.756,4499,scene0132_01,g0plus_step6000,3
True,unseen,6387,5016,0.2181955099543465,19496,scene0132_01,g0plus_step6000,3
True,unseen,1374,5017,0.3413734392735528,3353,scene0132_01,g0plus_step6000,3
True,unseen,1047,6013,0.5091649694501018,1917,scene0132_01,g0plus_step6000,3
True,unseen,24077,7012,0.6251700680272109,35648,scene0132_01,g0plus_step6000,3
True,unseen,22277,4004,0.5211481776072615,42746,scene0472_01,g0plus_step6000,2
True,unseen,31642,4004,0.5627345320030589,56229,scene0472_01,g0plus_step6000,3
True,unseen,17059,6002,0.5550273845199959,28085,scene0559_01,g0plus_step6000,2
True,unseen,3378,6003,0.4531905657647229,6665,scene0559_01,g0plus_step6000,2
True,unseen,731,7015,0.15297805642633228,1108,scene0559_01,g0plus_step6000,2
True,unseen,17387,8013,0.8437317215831546,20439,scene0559_01,g0plus_step6000,2
True,unseen,2954,20009,0.18604651162790697,7858,scene0559_01,g0plus_step6000,2
True,unseen,27443,6002,0.6584672259348784,30877,scene0559_01,g0plus_step6000,3
True,unseen,4609,6003,0.5281257676246622,7833,scene0559_01,g0plus_step6000,3
True,unseen,986,7015,0.08841295991213619,996,scene0559_01,g0plus_step6000,3
True,unseen,5792,8013,0.39635940600834874,14613,scene0559_01,g0plus_step6000,3
True,unseen,3799,20009,0.24386516853932586,10039,scene0559_01,g0plus_step6000,3
True,unseen,34911,6006,0.5542924281155233,62983,scene0568_02,g0plus_step6000,2
True,unseen,34354,6006,0.5430603857097692,63260,scene0568_02,g0plus_step6000,3
True,unseen,8561,5021,0.3216189207195203,23179,scene0615_00,g0plus_step6000,2
True,unseen,1682,8001,0.08805762081784387,3001,scene0615_00,g0plus_step6000,2
True,unseen,17859,13012,0.48577831885341155,35840,scene0615_00,g0plus_step6000,2
True,unseen,8470,5021,0.3213176668065464,23017,scene0615_00,g0plus_step6000,3
True,unseen,1815,8001,0.09928488275403292,4795,scene0615_00,g0plus_step6000,3
True,unseen,17432,13012,0.4850282485875706,35138,scene0615_00,g0plus_step6000,3
True,unseen,4571,20017,0.24819460281261876,18417,scene0695_00,g0plus_step6000,2
True,unseen,622,20017,0.04323347466462779,14387,scene0695_00,g0plus_step6000,3
True,training,94,8059,0.013152371624457815,7147,scene0000_02,g0plus_step6000,2
True,training,256,8059,0.02262083591057701,11317,scene0000_02,g0plus_step6000,3
True,training,501,8049,0.053519923085140475,9361,scene0016_01,g0plus_step6000,2
True,training,132,14030,0.018968242563586722,6959,scene0016_01,g0plus_step6000,2
True,training,264,8049,0.030348315898379125,8699,scene0016_01,g0plus_step6000,3
True,training,78,14030,0.012322274881516588,6330,scene0016_01,g0plus_step6000,3
True,training,10749,8006,0.0,0,scene0007_00,g0plus_step6000,3
True,training,9352,8024,0.10991688162797363,6138,scene0007_00,g0plus_step6000,3
True,training,1293,5002,0.6414762741652021,1509,scene0012_01,g0plus_step6000,2
True,training,4193,8001,0.6820490174431442,3425,scene0012_01,g0plus_step6000,2
True,training,7755,8017,0.3802775462168391,20393,scene0012_01,g0plus_step6000,2
True,training,20535,8019,0.565366780267054,35502,scene0012_01,g0plus_step6000,2
True,training,332,8020,0.0023569023569023568,2645,scene0012_01,g0plus_step6000,2
True,training,4838,8001,0.5860921352250832,4217,scene0012_01,g0plus_step6000,3
True,training,1497,8017,0.09843503419253025,15208,scene0012_01,g0plus_step6000,3
True,training,27870,8019,0.6661472246957554,39489,scene0012_01,g0plus_step6000,3
True,training,433,8020,0.0,2877,scene0012_01,g0plus_step6000,3
True,training,323,18009,0.02317405653608839,13938,scene0009_00,g0plus_step6000,2
True,training,12236,20017,0.23614404117778184,48764,scene0009_00,g0plus_step6000,2
True,training,1504,18009,0.05538370894093386,27156,scene0009_00,g0plus_step6000,3
True,training,12316,20017,0.27983663176360946,34375,scene0009_00,g0plus_step6000,3
True,training,16505,5010,0.6550543784392738,21692,scene0001_01,g0plus_step6000,2
True,training,5775,5018,0.40357220334080557,13635,scene0001_01,g0plus_step6000,2
True,training,12691,6002,0.5254390495867769,22748,scene0001_01,g0plus_step6000,2
True,training,915,7006,0.0,0,scene0001_01,g0plus_step6000,2
True,training,149,7007,0.04640151515151515,3166,scene0001_01,g0plus_step6000,2
True,training,16394,5010,0.7045959970348407,20398,scene0001_01,g0plus_step6000,3
True,training,6389,5018,0.4229144289294665,13482,scene0001_01,g0plus_step6000,3
True,training,11064,6002,0.5095923261390888,20411,scene0001_01,g0plus_step6000,3
True,training,724,7007,0.11372635283765949,4339,scene0001_01,g0plus_step6000,3
True,unseen,5909,5010,0.6505969300739056,8608,scene0059_00,g0_step6000,2
True,unseen,3767,5011,0.22775881683731514,1629,scene0059_00,g0_step6000,2
True,unseen,406,5016,0.0,0,scene0059_00,g0_step6000,2
True,unseen,1985,5019,0.4579115610015983,3488,scene0059_00,g0_step6000,2
True,unseen,11279,6001,0.5546522131887985,19699,scene0059_00,g0_step6000,2
True,unseen,10096,7007,0.6860457087619968,14323,scene0059_00,g0_step6000,2
True,unseen,1933,8032,0.33864360491579426,3949,scene0059_00,g0_step6000,2
True,unseen,423,8033,0.03567274137262505,2248,scene0059_00,g0_step6000,2
True,unseen,7,20034,0.02459016393442623,243,scene0059_00,g0_step6000,2
True,unseen,4668,5010,0.6605054151624549,6831,scene0059_00,g0_step6000,3
True,unseen,3660,5011,0.2274892265819914,1752,scene0059_00,g0_step6000,3
True,unseen,245,5016,0.0,0,scene0059_00,g0_step6000,3
True,unseen,1892,5019,0.44395604395604393,3364,scene0059_00,g0_step6000,3
True,unseen,9573,6001,0.5373057879460474,17439,scene0059_00,g0_step6000,3
True,unseen,11864,7007,0.6852013755318529,17049,scene0059_00,g0_step6000,3
True,unseen,2079,8032,0.31142136901299206,4684,scene0059_00,g0_step6000,3
True,unseen,396,8033,0.04662104362703165,2051,scene0059_00,g0_step6000,3
True,unseen,177,20031,0.005,1029,scene0059_00,g0_step6000,3
True,unseen,1499,20034,0.21651667548967707,799,scene0059_00,g0_step6000,3
True,unseen,4943,8022,0.29685892392422686,16485,scene0072_02,g0_step6000,2
True,unseen,15045,20031,0.4768772385812546,31549,scene0072_02,g0_step6000,2
True,unseen,3211,8022,0.21160250432929267,14980,scene0072_02,g0_step6000,3
True,unseen,11436,20031,0.4154164699044644,27529,scene0072_02,g0_step6000,3
True,unseen,5335,5015,0.808420365535248,5747,scene0132_01,g0_step6000,2
True,unseen,7821,5016,0.3314541387024609,7058,scene0132_01,g0_step6000,2
True,unseen,127,5017,0.024271844660194174,928,scene0132_01,g0_step6000,2
True,unseen,3606,6013,0.7457374254049446,4585,scene0132_01,g0_step6000,2
True,unseen,27651,7012,0.6144469838631484,42282,scene0132_01,g0_step6000,2
True,unseen,3403,5015,0.729318474067724,4666,scene0132_01,g0_step6000,3
True,unseen,6387,5016,0.22236586942469294,4959,scene0132_01,g0_step6000,3
True,unseen,1374,5017,0.23949416342412452,4997,scene0132_01,g0_step6000,3
True,unseen,1047,6013,0.6228123114061557,1642,scene0132_01,g0_step6000,3
True,unseen,24077,7012,0.5506799981045349,41371,scene0132_01,g0_step6000,3
True,unseen,22277,4004,0.46577318725432804,47828,scene0472_01,g0_step6000,2
True,unseen,31642,4004,0.5319950233699855,59478,scene0472_01,g0_step6000,3
True,unseen,17059,6002,0.5255717255717256,30638,scene0559_01,g0_step6000,2
True,unseen,3378,6003,0.41016141836464676,7280,scene0559_01,g0_step6000,2
True,unseen,731,7015,0.0,0,scene0559_01,g0_step6000,2
True,unseen,17387,8013,0.9069271175311885,17464,scene0559_01,g0_step6000,2
True,unseen,2954,20009,0.21038629349792487,8420,scene0559_01,g0_step6000,2
True,unseen,27443,6002,0.643584356819651,33580,scene0559_01,g0_step6000,3
True,unseen,4609,6003,0.4724046549141606,8170,scene0559_01,g0_step6000,3
True,unseen,986,7015,0.0,0,scene0559_01,g0_step6000,3
True,unseen,5792,8013,0.503871248368856,11495,scene0559_01,g0_step6000,3
True,unseen,3799,20009,0.2460478671730107,10310,scene0559_01,g0_step6000,3
True,unseen,34911,6006,0.5435479853023604,64228,scene0568_02,g0_step6000,2
True,unseen,34354,6006,0.5310886436013975,64686,scene0568_02,g0_step6000,3
True,unseen,8561,5021,0.3451813077799823,23305,scene0615_00,g0_step6000,2
True,unseen,1682,8001,0.055593685655456415,4470,scene0615_00,g0_step6000,2
True,unseen,17859,13012,0.43381770145310433,36411,scene0615_00,g0_step6000,2
True,unseen,8470,5021,0.34344422700587085,23109,scene0615_00,g0_step6000,3
True,unseen,1815,8001,0.07037179981988936,6505,scene0615_00,g0_step6000,3
True,unseen,17432,13012,0.44071458246780226,34585,scene0615_00,g0_step6000,3
True,unseen,4571,20017,0.20788611970165544,21988,scene0695_00,g0_step6000,2
True,unseen,622,20017,0.03447702455517987,18041,scene0695_00,g0_step6000,3
True,training,94,8059,0.008436546401005206,11142,scene0000_02,g0_step6000,2
True,training,256,8059,0.016127000125992188,15874,scene0000_02,g0_step6000,3
True,training,501,8049,0.06186712768584836,8098,scene0016_01,g0_step6000,2
True,training,132,14030,0.022132796780684104,5964,scene0016_01,g0_step6000,2
True,training,264,8049,0.03616438356164384,7300,scene0016_01,g0_step6000,3
True,training,78,14030,0.013610190193683477,5731,scene0016_01,g0_step6000,3
True,training,10749,8006,0.20209653827401267,4044,scene0007_00,g0_step6000,3
True,training,9352,8024,0.12153138447840926,13322,scene0007_00,g0_step6000,3
True,training,1293,5002,0.5023094688221709,1309,scene0012_01,g0_step6000,2
True,training,4193,8001,0.6903032891926527,3721,scene0012_01,g0_step6000,2
True,training,7755,8017,0.3772254110322016,20558,scene0012_01,g0_step6000,2
True,training,20535,8019,0.554978426361063,36046,scene0012_01,g0_step6000,2
True,training,332,8020,0.0,1288,scene0012_01,g0_step6000,2
True,training,4838,8001,0.6369316209649427,4594,scene0012_01,g0_step6000,3
True,training,1497,8017,0.09335827876520113,16035,scene0012_01,g0_step6000,3
True,training,27870,8019,0.6435995295360168,40604,scene0012_01,g0_step6000,3
True,training,433,8020,0.0,1297,scene0012_01,g0_step6000,3
True,training,323,18009,0.02628366832126292,12289,scene0009_00,g0_step6000,2
True,training,12236,20017,0.24336194849271311,50044,scene0009_00,g0_step6000,2
True,training,1504,18009,0.06048176297904854,24867,scene0009_00,g0_step6000,3
True,training,12316,20017,0.29610113176201847,37615,scene0009_00,g0_step6000,3
True,training,16505,5010,0.6698593235558216,22548,scene0001_01,g0_step6000,2
True,training,5775,5018,0.4962103917450461,10610,scene0001_01,g0_step6000,2
True,training,12691,6002,0.5359819765174819,22761,scene0001_01,g0_step6000,2
True,training,915,7006,0.0,0,scene0001_01,g0_step6000,2
True,training,149,7007,0.013027001421127428,4128,scene0001_01,g0_step6000,2
True,training,16394,5010,0.7037667398217405,21646,scene0001_01,g0_step6000,3
True,training,6389,5018,0.497553598434303,10445,scene0001_01,g0_step6000,3
True,training,11064,6002,0.5102872854840239,20794,scene0001_01,g0_step6000,3
True,training,724,7007,0.04330583756345178,5853,scene0001_01,g0_step6000,3
