bucket,counterfactual_background_mass_in_gt_stuff,counterfactual_background_mass_in_gt_thing,counterfactual_best_group,counterfactual_best_gt_area,counterfactual_best_iou,counterfactual_best_precision,counterfactual_best_pred_area,counterfactual_best_recall,counterfactual_best_soft_dice,counterfactual_conservation_error,counterfactual_group_mass_in_gt_stuff,counterfactual_group_mass_in_gt_thing,counterfactual_gt_free_detected,counterfactual_gt_free_fp,counterfactual_n_gt_free_predictions,gt_stuff_area,gt_thing_area,instance_key,kind,original_background_mass_in_gt_stuff,original_background_mass_in_gt_thing,original_best_group,original_best_gt_area,original_best_iou,original_best_precision,original_best_pred_area,original_best_recall,original_best_soft_dice,original_conservation_error,original_group_mass_in_gt_stuff,original_group_mass_in_gt_thing,original_gt_free_detected,original_gt_free_fp,original_n_gt_free_predictions,role,scene,view
mid,0.0,0.0,22,6621,0.34173980668814574,0.5637829912023461,5456,0.46458238936716506,0.5513961911201477,1.4901161193847656e-06,0.997901439666748,0.9935407638549805,False,7,7,42417,6621,18009,context,0.5382260680198669,0.19453772902488708,22,6621,0.357412469087596,0.7211134453781513,3808,0.4147409756834315,0.5449634790420532,1.4901161193847656e-06,0.4596753716468811,0.7990031242370605,False,5,5,failure,scene0009_00,0
mid,0.0,0.0,14,6895,0.24633451462719755,0.3210759894937053,11041,0.514140681653372,0.6364908218383789,1.2516975402832031e-06,0.9811389446258545,0.9265199303627014,False,5,5,38079,6895,18009,context,0.544426441192627,0.25229835510253906,14,6895,0.15268564091589984,0.36797318205260443,3878,0.2069615663524293,0.6504859924316406,1.3709068298339844e-06,0.4367125332355499,0.6742215752601624,False,4,4,failure,scene0009_00,1
mid,0.0,0.0,22,323,0.019478527607361962,0.02008222643896268,6324,0.3931888544891641,0.9643563032150269,1.3709068298339844e-06,0.9975827932357788,0.9742295742034912,False,7,7,50834,323,18009,novel,0.49478891491889954,0.3034723699092865,22,323,0.023681377825618945,0.024819494584837544,4432,0.34055727554179566,0.9581232666969299,1.4901161193847656e-06,0.5027939677238464,0.6707573533058167,False,5,5,failure,scene0009_00,2
mid,0.0,0.0,14,1504,0.10122844318450272,0.10960480879907916,7819,0.569813829787234,0.8316034078598022,1.3709068298339844e-06,0.988376796245575,0.9841040968894958,False,6,6,47791,1504,18009,novel,0.4576917886734009,0.22771818935871124,22,1504,0.034564254062038405,0.042545454545454546,5500,0.15558510638297873,0.8862681984901428,1.5497207641601562e-06,0.5306849479675293,0.756385862827301,False,5,5,failure,scene0009_00,3
mid,0.0,0.0,90,9783,0.7321458578390186,0.8043939813532724,10833,0.8907288152918328,0.2312988042831421,1.3709068298339844e-06,0.9998182058334351,0.9987727999687195,True,5,6,11800,9783,8017,context,0.5049222707748413,0.17538316547870636,90,9783,0.6656462259638382,0.9121657052962768,7628,0.7112337728713074,0.28739386796951294,1.1920928955078125e-06,0.49489593505859375,0.8233895897865295,True,4,5,failure,scene0012_01,0
mid,0.0,0.0,90,1770,0.45701006971340047,0.45701006971340047,3873,1.0,0.1410878300666809,1.3709068298339844e-06,0.9505512118339539,0.9998946785926819,False,6,6,3692,1770,8017,context,0.26738110184669495,0.09977611899375916,90,1770,0.550561797752809,0.551594746716698,3198,0.9966101694915255,0.1836848258972168,1.4901161193847656e-06,0.6831700801849365,0.9001185297966003,True,5,6,failure,scene0012_01,1
mid,0.0,0.0,90,7755,0.7364740944520862,0.8689477955098729,7394,0.8284977433913604,0.22132784128189087,1.1324882507324219e-06,0.9979937076568604,0.9988976120948792,True,5,6,8757,7755,8017,novel,0.44860273599624634,0.16951416432857513,90,7755,0.6326707000864304,0.9370885149963424,5468,0.6607350096711799,0.29191774129867554,1.1920928955078125e-06,0.549390971660614,0.8293834328651428,True,5,6,failure,scene0012_01,2
mid,0.0,0.0,90,1497,0.44954954954954957,0.44954954954954957,3330,1.0,0.13577264547348022,1.2516975402832031e-06,0.9608519673347473,0.9998945593833923,False,6,6,4497,1497,8017,novel,0.3137649595737457,0.11221485584974289,90,1497,0.5227272727272727,0.5274095306341813,2791,0.9832999331997327,0.18387198448181152,1.2516975402832031e-06,0.6470869779586792,0.8876797556877136,True,5,6,failure,scene0012_01,3
mid,0.0,0.0,65,3665,0.06369280294320534,0.08136688534221091,10213,0.2267394270122783,0.776870846748352,1.3709068298339844e-06,0.9998182058334351,0.9998947381973267,False,6,6,11800,3665,8001,context,0.5049222707748413,0.08646555989980698,65,3665,0.048014605203103605,0.0672978505629478,7816,0.14351978171896315,0.7698838114738464,1.1920928955078125e-06,0.49489593505859375,0.9134292602539062,False,5,5,failure,scene0012_01,0
mid,0.0,0.0,62,4082,0.026387574458609363,0.033019853709508884,14355,0.11611954924056835,0.8182353377342224,1.3709068298339844e-06,0.9505512118339539,0.999894917011261,False,6,6,3692,4082,8001,context,0.26738110184669495,0.19751575589179993,65,4082,0.006189821182943604,0.009446339543426921,7622,0.017638412542871143,0.8202816843986511,1.4901161193847656e-06,0.6831700801849365,0.8023791313171387,False,6,6,failure,scene0012_01,1
mid,0.0,0.0,65,4193,0.032515026432037075,0.0446100347739692,10065,0.10708323396136418,0.7818436026573181,1.1324882507324219e-06,0.9979937076568604,0.9998947381973267,False,6,6,8757,4193,8001,novel,0.44860273599624634,0.1259685903787613,65,4193,0.01965665236051502,0.029794431433775696,7686,0.05461483424755545,0.7788496017456055,1.1920928955078125e-06,0.549390971660614,0.8739263415336609,False,6,6,failure,scene0012_01,2
mid,0.0,0.0,62,4838,0.02715727122132423,0.03462621607782898,15624,0.11182306738321621,0.8066743612289429,1.2516975402832031e-06,0.9608519673347473,0.9998944401741028,False,6,6,4497,4838,8001,novel,0.3137649595737457,0.2160704880952835,65,4838,0.008692120227457351,0.014117957514183928,7579,0.02211657709797437,0.8070663213729858,1.2516975402832031e-06,0.6470869779586792,0.7838240265846252,False,6,6,failure,scene0012_01,3
mid,0.0,0.0,62,7404,0.26602083049074454,0.28626664056382145,20432,0.7899783900594274,0.5031905174255371,1.3709068298339844e-06,0.9980962872505188,0.9995000958442688,False,6,6,4379,7404,5018,context,0.6110565066337585,0.20470064878463745,62,7404,0.2933204808346564,0.33580006491398895,15405,0.6986763911399244,0.5127949714660645,1.4901161193847656e-06,0.38703978061676025,0.7947994470596313,False,5,5,failure,scene0001_01,0
mid,0.0,0.0,62,6309,0.12492492492492492,0.13661740558292282,27405,0.5934379457917262,0.7586508989334106,1.2516975402832031e-06,0.9998547434806824,0.9978571534156799,False,5,5,6158,6309,5018,context,0.3357854187488556,0.165323406457901,62,6309,0.16463867731748097,0.188885336743393,18768,0.5618957045490569,0.7438719272613525,1.1324882507324219e-06,0.6640694737434387,0.8325337767601013,False,5,5,failure,scene0001_01,1
mid,0.0,0.0,90,5775,0.17101273499090358,0.3634020618556701,3880,0.24415584415584415,0.7679705023765564,1.3709068298339844e-06,0.9707583785057068,0.9977130889892578,False,7,7,10608,5775,5018,novel,0.5330164432525635,0.16605810821056366,62,5775,0.15248591721773205,0.17535064496141498,17753,0.539047619047619,0.7915364503860474,1.3709068298339844e-06,0.43774187564849854,0.8316549062728882,False,5,5,failure,scene0001_01,2
mid,0.0,0.0,90,6389,0.15681927710843374,0.28986281845715306,5613,0.25465644075755206,0.7592288255691528,1.4901161193847656e-06,0.9959053993225098,0.9979173541069031,False,6,6,8451,6389,5018,novel,0.5204959511756897,0.16522890329360962,62,6389,0.1534973787370708,0.18021514916269268,18034,0.5086868054468618,0.7771206498146057,1.3113021850585938e-06,0.4754094183444977,0.8326885104179382,False,5,5,failure,scene0001_01,3
large,0.0,,,,,,,,,1.3113021850585938e-06,0.999601423740387,,,5,5,63802,0,8024,context,0.5722211003303528,,,,,,,,,1.430511474609375e-06,0.42738038301467896,,,4,4,failure,scene0007_00,0
large,0.0,0.0,14,9030,0.04044615301315718,0.07333595130571373,10186,0.08272425249169435,0.8978241682052612,7.152557373046875e-07,0.43801429867744446,0.1632368266582489,False,2,2,29886,9030,8024,context,0.1532411426305771,0.010736829601228237,14,9030,0.04414995393664517,0.10922159887798036,5704,0.06899224806201551,0.886009693145752,8.940696716308594e-07,0.2847731411457062,0.15250001847743988,False,2,2,failure,scene0007_00,1
large,0.0,,,,,,,,,1.3113021850585938e-06,0.9996677041053772,,,4,4,65478,0,8024,novel,0.6461026072502136,,,,,,,,,1.1920928955078125e-06,0.3535650670528412,,,3,3,failure,scene0007_00,2
large,0.0,0.0,14,9352,0.05065323294951284,0.09504518541601745,9627,0.09784003421727973,0.8835439682006836,8.344650268554688e-07,0.42816147208213806,0.18001963198184967,False,2,2,28496,9352,8024,novel,0.1496105045080185,0.013211342506110668,14,9352,0.05136673459349308,0.1303030303030303,5610,0.0781650983746792,0.8731006979942322,8.344650268554688e-07,0.2785509526729584,0.16680829226970673,False,2,2,failure,scene0007_00,3
large,0.0,,,,,,,,,1.3113021850585938e-06,0.999601423740387,,,5,5,63802,0,8006,context,0.5722211003303528,,,,,,,,,1.430511474609375e-06,0.42738038301467896,,,4,4,failure,scene0007_00,0
large,0.0,0.0,14,10058,0.0031714568880079285,0.006283133712939329,10186,0.0063630940544839925,0.8989276885986328,7.152557373046875e-07,0.43801429867744446,0.15759681165218353,False,2,2,29886,10058,8006,context,0.1532411426305771,0.0067648873664438725,14,10058,0.003629417382999045,0.009992987377279102,5704,0.0056671306422748065,0.8847633004188538,8.940696716308594e-07,0.2847731411457062,0.1508319079875946,False,2,2,failure,scene0007_00,1
large,0.0,,,,,,,,,1.3113021850585938e-06,0.9996677041053772,,,4,4,65478,0,8006,novel,0.6461026072502136,,,,,,,,,1.1920928955078125e-06,0.3535650670528412,,,3,3,failure,scene0007_00,2
large,0.0,0.0,14,10749,0.008513165709760443,0.017866417367819673,9627,0.01600148851055912,0.8813470602035522,8.344650268554688e-07,0.42816147208213806,0.17835639417171478,False,2,2,28496,10749,8006,novel,0.1496105045080185,0.0077195544727146626,14,10749,0.010001852194850898,0.028877005347593583,5610,0.01507116941110801,0.8669205904006958,8.344650268554688e-07,0.2785509526729584,0.17063681781291962,False,2,2,failure,scene0007_00,3
large,0.0,0.0,62,9387,0.29089003667939217,0.30960442974943236,25103,0.8279535527857675,0.5480635166168213,1.4901161193847656e-06,0.997901439666748,0.996336042881012,False,7,7,42417,9387,20017,context,0.5382260680198669,0.16760101914405823,62,9387,0.5739773716275022,0.7582202805242585,8698,0.7025673804197294,0.3995624780654907,1.4901161193847656e-06,0.4596753716468811,0.8287349343299866,True,4,5,failure,scene0009_00,0
large,0.0,0.0,62,13130,0.3609850939727803,0.4792870313460357,16270,0.5939070830159939,0.5134406685829163,1.2516975402832031e-06,0.9811389446258545,0.9948998689651489,False,5,5,38079,13130,20017,context,0.544426441192627,0.37999221682548523,22,13130,0.1506271795138708,0.32237941405814863,8977,0.2204112718964204,0.7384628057479858,1.3709068298339844e-06,0.4367125332355499,0.6149076819419861,False,4,4,failure,scene0009_00,1
large,0.0,0.0,62,12236,0.29287648212118383,0.3211068650197898,29308,0.7691238966982674,0.5548034906387329,1.3709068298339844e-06,0.9975827932357788,0.9929834008216858,False,7,7,50834,12236,20017,novel,0.49478891491889954,0.28409963846206665,62,12236,0.35554990787216467,0.6150126387515111,9099,0.45733899967309577,0.4972672462463379,1.4901161193847656e-06,0.5027939677238464,0.7088837623596191,False,5,5,failure,scene0009_00,2
large,0.0,0.0,62,12316,0.24218827661619008,0.29036230732559987,25172,0.5934556674244885,0.6339534521102905,1.3709068298339844e-06,0.988376796245575,0.9949436187744141,False,6,6,47791,12316,20017,novel,0.4576917886734009,0.37654349207878113,22,12316,0.17419099716601857,0.48054545454545455,5500,0.2145988957453719,0.722923755645752,1.5497207641601562e-06,0.5306849479675293,0.6184000968933105,False,5,5,failure,scene0009_00,3
large,0.0,0.0,65,17620,0.43683857312477414,0.8285518456868697,10213,0.48024971623155505,0.41947877407073975,1.3709068298339844e-06,0.9998182058334351,0.9992265105247498,False,6,6,11800,17620,8019,context,0.5049222707748413,0.14496898651123047,65,17620,0.3812652728753733,0.8982855680655066,7816,0.39846765039727583,0.4615144729614258,1.1920928955078125e-06,0.49489593505859375,0.8542576432228088,False,5,5,failure,scene0012_01,0
large,0.0,0.0,14,28443,0.3245789825264564,1.0,9232,0.3245789825264564,0.5067199468612671,1.3709068298339844e-06,0.9505512118339539,0.9799571633338928,False,6,6,3692,28443,8019,context,0.26738110184669495,0.14417515695095062,14,28443,0.2993003550961572,1.0,8513,0.2993003550961572,0.5361343026161194,1.4901161193847656e-06,0.6831700801849365,0.8357820510864258,False,6,6,failure,scene0012_01,1
large,0.0,0.0,65,20535,0.36735332231109524,0.8167908594138102,10065,0.4003408814219625,0.4590793251991272,1.1324882507324219e-06,0.9979937076568604,0.9973673224449158,False,6,6,8757,20535,8019,novel,0.44860273599624634,0.13656197488307953,65,20535,0.3228800450007031,0.8961748633879781,7686,0.33542731921110297,0.4973980188369751,1.1920928955078125e-06,0.549390971660614,0.8608052730560303,False,6,6,failure,scene0012_01,2
large,0.0,0.0,14,27870,0.3384642985288841,1.0,9433,0.3384642985288841,0.49427562952041626,1.2516975402832031e-06,0.9608519673347473,0.9860472679138184,False,6,6,4497,27870,8019,novel,0.3137649595737457,0.13810524344444275,14,27870,0.31489056332974524,1.0,8776,0.31489056332974524,0.5215907096862793,1.2516975402832031e-06,0.6470869779586792,0.8479418754577637,False,6,6,failure,scene0012_01,3
large,0.0,0.0,22,13453,0.3049127803488786,0.6017564402810305,8540,0.3819965806883223,0.5233636498451233,1.3709068298339844e-06,0.9980962872505188,0.9998228549957275,False,6,6,4379,13453,6002,context,0.6110565066337585,0.1520727574825287,22,13453,0.30350459339911534,0.782181690634865,5702,0.3315245670110756,0.5318608283996582,1.4901161193847656e-06,0.38703978061676025,0.8477500081062317,False,5,5,success_reference,scene0001_01,0
large,0.0,0.0,65,6160,0.13552535792283427,0.34917161613004066,3199,0.18133116883116884,0.5967168807983398,1.2516975402832031e-06,0.9998547434806824,0.9994648098945618,False,5,5,6158,6160,6002,context,0.3357854187488556,0.16978669166564941,62,6160,0.15917228551499651,0.1823849104859335,18768,0.5556818181818182,0.7183324694633484,1.1324882507324219e-06,0.6640694737434387,0.8296781182289124,False,5,5,success_reference,scene0001_01,1
large,0.0,0.0,65,12691,0.2621983914209115,0.6370297997068881,6141,0.3082499409030021,0.5114609003067017,1.3709068298339844e-06,0.9707583785057068,0.9996189475059509,False,7,7,10608,12691,6002,novel,0.5330164432525635,0.18877147138118744,62,12691,0.13669118470671696,0.2062186672675041,17753,0.2884721456150028,0.7183288335800171,1.3709068298339844e-06,0.43774187564849854,0.8108473420143127,False,5,5,success_reference,scene0001_01,2
large,0.0,0.0,65,11064,0.24694009018681554,0.5427088249174139,6357,0.31182212581344904,0.5011239051818848,1.4901161193847656e-06,0.9959053993225098,0.9996104836463928,False,6,6,8451,11064,6002,novel,0.5204959511756897,0.1971426010131836,62,11064,0.1442390876917027,0.20339358988577133,18034,0.33152566883586404,0.7015364170074463,1.3113021850585938e-06,0.4754094183444977,0.8024678230285645,False,5,5,success_reference,scene0001_01,3
